b,b,b,b,b,b,b,b,b,b,b,b,b,b,b,b,b,b,b,b,b,b
b,0.29287475,0.09777182,0.10812112,0.001834261,1264.755709,148829.4026,1971.161434,179786.9486,2411.826748,1990835.038,0.03851243,0.000220386,-9.43E-07,0.008392176,112.3471467,-7.477986,3617.7712,0.000728996,7.2016897,0.004286881,2.7199903
b,0.286994,0.09515827,0.10214047,0.001502612,960.2366346,39481.31622,1084.255953,41782.89589,1686.967721,254882.0538,0.055612959,0.000241624,2.07E-06,0.005732609,129.1992188,-4.8562574,4730.5913,0.002545907,7.034792,-0.000278099,2.9222224
b,0.29240462,0.08598893,0.22757672,0.006171272,1406.634352,52987.03854,1122.21885,11445.99035,2660.403393,105633.5383,0.10301578,0.001301205,-2.05E-06,0.04177722,83.35433468,-1.4526153,3405.9539,0.001394688,5.1159077,0.000327782,1.89418
b,0.31701455,0.092837974,0.23851724,0.015499583,2065.240919,259321.4604,2076.72021,105012.6161,4088.621078,1153254.193,0.097443986,0.001216313,1.35E-05,0.035266947,103.359375,1.852431,1214.4243,0.006581156,8.820736,-0.000313701,4.6942186
b,0.29580852,0.09430447,0.1373484,0.002041044,2031.830739,558549.9376,2055.954884,127088.1325,4141.65441,1895689.325,0.092983182,0.003237015,2.16E-06,0.010673297,161.4990234,-0.16218355,1687.214,0.001635477,10.139365,0.000695538,4.2793045
b,0.33989117,0.08772409,0.17030618,0.005266159,2473.754157,624161.5605,2587.081466,138505.9771,5481.296794,2181178.035,0.117363824,0.00426159,5.52E-06,0.020370241,89.10290948,2.2500243,1095.508,-0.002154421,8.244012,-0.000523053,3.3221312
b,0.29872698,0.08415169,0.22188498,0.005428454,2096.229301,282384.0405,2161.019212,114129.0153,4239.950979,1194984.66,0.113649444,0.001830768,-1.24E-05,0.036986373,117.4538352,2.2392795,1016.1751,0.003316329,5.8998556,-0.000518247,2.6648667
b,0.255985,0.08917043,0.07429507,0.000324866,2688.589027,1007197.751,2567.445151,188958.9123,5615.17981,3605426.029,0.123000832,0.005826878,-5.41E-06,0.003512411,151.9990809,-5.290772,2058.0562,-0.004698403,10.8507805,0.000846874,5.28769
b,0.24840456,0.09219675,0.17961058,0.004940549,2317.779567,296103.621,2403.865753,105553.8496,5109.855543,1399696.422,0.09751385,0.001210092,-5.06E-06,0.027597053,123.046875,-0.645912,1319.7682,0.005829621,7.411886,-0.000715235,3.2984765
b,0.2955898,0.08748048,0.09833992,0.000586434,2321.003668,441443.7717,2268.288804,95266.96064,4647.506299,1605778.759,0.109156205,0.003245224,-2.41E-06,0.006395653,86.1328125,-1.8933315,1463.7946,0.001518644,6.883662,-0.001499499,3.3529758
b,0.30152366,0.098429,0.19262373,0.004599301,2342.922495,470467.9045,2431.706623,209636.5694,5171.953951,2352545.394,0.107433775,0.002442766,3.74E-06,0.024674118,107.6660156,0.8742201,1231.4823,-0.004503721,13.029108,-0.001833731,5.6694765
b,0.2735678,0.08494281,0.31319153,0.008826257,2354.074366,187029.4077,1696.870042,58644.26824,3965.494792,614478.3041,0.16741256,0.001953538,-3.53E-06,0.065039575,112.3471467,-0.60368705,1122.0923,-0.005402849,4.6339025,0.001313202,2.1501772
b,0.26105517,0.087306455,0.23479955,0.005591454,1170.134356,32833.63296,1386.14722,18646.08458,2218.929549,169325.8669,0.059745583,0.000436986,-7.10E-06,0.04515711,103.359375,1.7198912,2209.7573,-0.00570732,3.1012924,0.000372,1.178997
b,0.26748502,0.08850596,0.241838,0.002257387,2355.152738,424654.5291,2544.4724,198586.0622,5262.024001,2589135.393,0.097617741,0.001803498,1.18E-05,0.03886699,107.6660156,3.0868645,893.2523,0.005270533,6.186215,-0.000315319,4.1647696
b,0.2504219,0.09158374,0.28941607,0.010093729,2539.159419,367754.7487,2521.160767,111446.6289,5558.568553,1507157.881,0.106762378,0.002246948,-1.33E-05,0.062145583,135.9991776,2.3687248,777.103,0.004399696,8.25512,-0.001497735,3.9859045
b,0.3070389,0.09196067,0.10977519,0.001600065,2491.903993,551035.4147,2494.812956,158510.2643,5266.719061,1979947.02,0.099243632,0.002000675,-6.13E-07,0.00776805,143.5546875,-0.16208172,1568.9485,-0.003954118,11.018238,-0.001959128,7.1049514
b,0.309723,0.087250136,0.34135354,0.006749376,1763.225962,92018.16306,1532.28386,43125.42793,3406.748039,365644.1338,0.101661582,0.001201626,2.82E-06,0.08971476,86.1328125,-0.5796171,1652.8555,0.001471582,4.5085793,-5.18E-05,1.295316
b,0.24568594,0.08831431,0.05193731,0.000330322,2185.645157,457735.2412,2184.911473,150962.0744,4419.101013,1952309.617,0.10644456,0.002549659,1.90E-06,0.002506162,112.3471467,-5.7893624,3304.0073,0.002711425,5.0542064,-0.000401709,1.8794031
b,0.3299385,0.09457397,0.13532607,0.005285074,2187.796964,626758.1279,2253.649686,136780.2609,4581.151895,1934232.785,0.093138434,0.004643,-5.10E-06,0.010929614,112.3471467,-0.4137474,1711.6927,0.006180378,10.128132,0.000112323,4.611305
b,0.4030673,0.08194433,0.05598982,0.000271762,2890.42397,214610.0689,2411.491842,75363.78589,5239.56212,822543.3304,0.188647293,0.00246129,0.000125273,0.001698178,135.9991776,-0.44587708,1814.1667,-0.003683982,4.2629757,-0.001259096,1.5511218
b,0.24419867,0.0875274,0.27222508,0.005799971,2103.516132,340292.4176,2091.130645,165895.8164,4220.771619,1959683.858,0.105675877,0.001270874,-1.48E-05,0.05690048,99.38401442,1.9101928,1006.66614,0.010591469,6.4007354,0.002710393,2.9280295
b,0.2616255,0.08950351,0.16920833,0.004009314,2318.126258,680536.1208,2388.658265,97667.56118,4911.94542,1816905.001,0.113612275,0.008068709,2.89E-06,0.024779297,129.1992188,-0.64725584,1342.3949,0.004214366,6.490152,-0.002119898,2.321076
b,0.2449063,0.08755849,0.18084607,0.003247034,1697.218163,185622.2929,2014.236396,132419.3116,3446.250874,1512258.4,0.079934776,0.000990985,-1.77E-05,0.027044374,117.4538352,-0.17031725,1658.208,-0.00602864,5.8285866,-0.00099528,2.326126
b,0.27763206,0.091609396,0.14906111,0.004959989,3369.445464,697177.2578,2913.991569,53399.92454,7086.286647,1132988.964,0.177554247,0.00815741,-6.86E-06,0.018975854,135.9991776,-2.2670734,928.0635,0.00840494,5.2721467,0.004608368,2.2356644
b,0.25795862,0.08457551,0.033957098,0.000123774,2462.67915,309744.1798,2472.817866,133019.314,5396.322212,1656886.292,0.111480571,0.001867034,-3.67E-06,0.000850958,143.5546875,-7.8663135,3766.2786,0.005551481,7.47347,0.005255112,3.645342
b,0.24792601,0.0860134,0.26523852,0.006657527,2555.989824,400687.3313,2501.672666,92601.22153,5347.195185,1861734.094,0.134780569,0.003805768,-6.06E-06,0.053228464,117.4538352,2.2137377,825.8105,-0.000963083,7.8453107,-0.001756999,3.2479138
b,0.20481323,0.08765024,0.34729668,0.010350439,2098.504441,330645.8742,2324.374048,91779.33273,4587.618211,1356595.018,0.088040083,0.002439426,-9.33E-06,0.096924335,161.4990234,0.44697425,968.7012,0.001379527,6.6471977,0.001449799,2.9983308
b,0.2476988,0.08794546,0.27842185,0.008701371,2232.815518,360050.0483,2269.153567,156203.9566,4620.783742,1885428.99,0.104260245,0.001521114,-1.17E-05,0.05459078,143.5546875,2.4149544,926.09454,-0.001954896,9.003463,0.005310269,4.957846
b,0.25717515,0.08790183,0.12874605,0.00128668,2268.451481,326694.4436,2124.145342,137653.318,4286.073444,1393591.411,0.123601808,0.002144811,-2.04E-06,0.011480472,123.046875,-1.2843508,1617.7173,0.002540344,8.563216,-0.001067013,4.0321465
b,0.30493775,0.09286418,0.13858776,0.002355805,2315.433409,368326.5036,2089.123325,134465.4606,4353.150032,1363384.473,0.140065948,0.003929315,1.24E-06,0.01375052,123.046875,-0.49096972,1477.9385,0.015346503,8.168122,-0.000456607,3.871788
b,0.21778823,0.086441256,0.27652788,0.007721258,2197.381024,330550.455,2370.169026,138177.7935,4808.251709,1825011.997,0.092606424,0.001856908,7.78E-07,0.06682865,143.5546875,2.5723188,1194.6919,0.004076128,8.662041,-0.008424468,3.9365914
b,0.26926085,0.09039804,0.21520898,0.012207842,2740.621493,868832.1748,2474.781321,192578.8402,5510.828621,2374839.135,0.14381925,0.008394677,-9.33E-05,0.042237412,135.9991776,-0.3017543,1216.9404,0.014724565,8.332565,-0.009495143,3.9877038
b,0.28699908,0.08275833,0.27439347,0.013923285,2706.12236,552221.0958,2519.357138,157287.2807,5579.540922,1884205.474,0.132208247,0.004180577,-7.47E-05,0.055160526,135.9991776,2.6378703,690.00323,0.012723405,8.388408,-0.001499547,3.92647
b,0.31263092,0.09645731,0.22376819,0.005017427,760.2882019,125794.7114,1107.568411,99421.28704,1270.142565,813105.3868,0.032861744,0.000511141,-6.33E-07,0.037802894,172.265625,-0.8632804,3963.7463,0.007457271,9.547527,0.001901006,3.82595
b,0.2544155,0.08356935,0.03449422,0.000159903,2546.556762,391977.2422,2587.920049,108422.6743,5682.516748,1469432.289,0.112091368,0.003023645,2.18E-06,0.000959503,143.5546875,-7.630267,3731.8843,0.02772265,6.506772,0.004864362,2.8899887
b,0.29341426,0.093570486,0.17336938,0.001287179,2588.431807,382510.6963,2605.696675,97142.75651,5678.108097,1413344.046,0.11280238,0.003611273,-4.65E-06,0.020495066,151.9990809,1.829501,874.8612,0.002802221,6.059316,0.000424045,3.4107263
b,0.23792994,0.08712136,0.23496298,0.004366968,2081.500203,414042.5803,2288.420831,139344.3088,4507.509687,2273097.671,0.102801579,0.002126823,-3.02E-06,0.038433466,117.4538352,0.86158943,1442.916,-0.004667358,10.927587,-0.001242183,4.156182
b,0.26221615,0.08996269,0.1432348,0.001494562,2506.551095,627746.6941,2313.336541,112304.8411,4956.529449,2091138.733,0.146256808,0.005624809,-2.54E-06,0.013263897,95.703125,1.8225114,1507.9806,0.02293524,9.762097,0.000210532,4.821345
b,0.25489354,0.08750175,0.3009673,0.002582838,2325.836031,344689.0434,2586.169175,152485.3083,5266.979262,2229573.375,0.096649492,0.000864043,-1.08E-06,0.06827628,99.38401442,1.9341112,756.97473,-0.003645024,5.873532,0.000956219,3.52206
b,0.29107243,0.08844031,0.19202766,0.002632381,1989.683505,186310.3809,2204.101605,154302.7679,4252.142404,1650879.336,0.097008933,0.000909535,-2.02E-07,0.020941935,112.3471467,3.5260468,1155.812,-0.001288343,9.035904,-0.001259408,5.503341
b,0.30222797,0.088280156,0.19955423,0.002872957,2110.401241,281712.7302,2257.810352,123259.9219,4354.57705,1539019.98,0.105250867,0.002078109,4.23E-06,0.020828936,112.3471467,3.6021578,1049.431,0.001396644,9.206989,0.000563062,4.7197638
b,0.21701677,0.08462019,0.14572947,0.001823859,2532.498628,706131.5995,2588.291451,137768.1803,5510.028034,2461109.993,0.123513182,0.005890135,1.06E-05,0.015996344,161.4990234,2.2026002,1424.8667,-0.002366122,10.629333,-0.001261248,5.0231934
b,0.25998017,0.09374802,0.17262375,0.002147867,2509.992661,496824.3635,2535.031659,111554.7987,5531.815825,1834429.875,0.118745084,0.00383485,1.17E-06,0.020696796,161.4990234,1.6298518,984.5267,-0.002845521,7.194794,-0.000518109,2.940838
b,0.21490714,0.08326789,0.112814456,0.001839461,2888.317667,602533.6337,2768.673313,152575.0005,6296.564824,2335306.816,0.14943492,0.004950648,4.55E-07,0.008829277,80.74951172,-2.5168686,1657.4912,0.001835582,13.0312805,0.004287549,7.870032
b,0.24859054,0.0935332,0.23187952,0.006579806,2351.074733,355864.6949,2425.275604,162434.2482,4988.16899,2131316.274,0.10728242,0.001647636,-9.71E-06,0.04068623,112.3471467,1.2059383,1066.2863,0.007506794,7.860752,0.00320605,5.7716374
b,0.2395687,0.085880704,0.1661646,0.002992161,2544.772477,326664.4972,2515.452149,125898.6439,5617.866513,1630784.659,0.127564687,0.002001856,-5.23E-06,0.023067717,99.38401442,0.93215597,1215.8695,-0.006713344,7.0782733,-0.000418324,3.695875
b,0.27947557,0.09327932,0.114117615,0.00193953,2543.388455,573087.8841,2585.68039,130504.859,5430.038368,1944127.367,0.133596064,0.006873838,-0.000102277,0.010349466,99.38401442,-1.3189135,1519.8579,-0.001307074,7.5050797,-0.001790281,4.5182323
b,0.26449326,0.0899812,0.18361391,0.002391063,2361.016239,295589.7575,2373.079446,138021.9305,4928.951838,1913095.7,0.119033732,0.00188388,-2.53E-05,0.023503564,99.38401442,0.7029422,1043.52,-0.002691287,7.30902,0.000713437,3.5678396
b,0.29397267,0.09334293,0.16542205,0.002351137,2680.55617,633475.8446,2674.843924,119449.7436,5876.13355,1651024.273,0.145799813,0.004955021,0.000114829,0.01725944,86.1328125,2.1699595,1100.3832,0.002020982,8.164231,-0.002102636,4.2988195
b,0.27047324,0.09310634,0.20307796,0.004266164,2372.174251,457672.5786,2450.33427,164105.1506,5056.976668,2284004.66,0.124189922,0.002487747,-2.36E-06,0.028320156,86.1328125,2.8229146,1060.5879,4.79E-05,7.8335276,0.002159694,3.8321614
b,0.26326373,0.08822985,0.16387257,0.002389869,2712.077045,717519.5383,2605.410892,94933.50648,5842.955007,1655308.612,0.162035258,0.009973089,-1.16E-05,0.019802777,99.38401442,-0.7732159,1085.068,-0.00358644,8.237476,0.00033158,4.201085
b,0.2980304,0.09096252,0.18371159,0.002528413,2438.159574,394618.8963,2383.655348,105320.6958,5202.683033,1481937.375,0.138313579,0.005714125,8.67E-06,0.023367826,99.38401442,-0.8810793,955.0079,-0.005522722,7.123566,0.001745546,3.119521
b,0.29667294,0.09365566,0.27334136,0.006688264,1937.048716,253590.1876,1987.595254,70587.20443,4056.722223,907191.8028,0.09343853,0.002063862,2.16E-05,0.05566878,123.046875,2.867594,1677.5967,-0.003234968,6.0949802,-0.000836226,1.9508344
b,0.30992,0.09340182,0.2651195,0.006060802,1849.682881,245963.6587,1922.973701,95703.05535,3865.448488,1204863.822,0.090095911,0.001509636,4.22E-06,0.053986292,129.1992188,2.767079,1801.3247,-0.000737302,5.636373,-0.000382043,1.7422265
b,0.29163274,0.09319261,0.19959223,0.004104677,1721.021521,233998.23,1730.457509,97799.47661,3235.397103,801669.2156,0.094431024,0.001888765,-7.09E-06,0.030836659,103.359375,-1.9120563,1609.004,0.007491718,3.531805,0.001058619,1.2984403
b,0.35235718,0.08381993,0.11122372,0.001945527,2868.135227,149527.5387,2026.188,97002.50741,4891.903753,923340.8011,0.208196776,0.001609455,2.20E-07,0.00679022,151.9990809,-5.6297674,1153.7697,-0.000227673,5.7359653,0.002650077,3.068738
b,0.2976098,0.096015595,0.1207981,0.003743929,1977.168356,222034.852,2105.237298,80417.01548,4252.907617,875904.9242,0.082553545,0.001504618,-6.09E-06,0.013715854,161.4990234,-4.335136,1853.4745,-0.001364742,6.7819314,-0.000283475,2.7099617
b,0.30501306,0.09156196,0.20876265,0.00646041,2705.342636,722150.6687,2761.057866,110327.163,6027.166852,2009630.962,0.116005663,0.005002367,-6.74E-05,0.027848594,103.359375,1.5256137,985.1213,2.04E-05,9.39627,-0.001256189,5.81067
b,0.35018608,0.092026375,0.14331388,0.002912451,2292.927431,155010.7248,2344.991991,71149.63578,4959.853342,691972.0756,0.097319139,0.001360237,-3.50E-06,0.015718793,123.046875,-3.2652886,1082.7336,0.002285938,5.3905687,0.00082644,1.6902407
b,0.38768277,0.08506503,0.120615415,0.002177137,2938.613973,227194.4197,2517.69823,80605.06819,5972.17222,1012948.789,0.175778982,0.003140206,4.06E-06,0.007820877,161.4990234,-2.1357508,749.4634,-0.001294518,5.3531213,-0.000849017,2.491379
b,0.38515925,0.07953153,0.15089431,0.003080918,3104.242338,147173.6526,2526.416853,53596.89525,6047.138434,460001.0871,0.175963789,0.002317339,-1.27E-06,0.013498659,161.4990234,-0.42660967,557.75037,-0.000222236,3.7661607,0.000325105,2.0502412
b,0.26015586,0.08780589,0.25812122,0.005504655,2405.971403,271982.4581,2390.489347,100734.4474,5060.573954,1443950.245,0.128776539,0.002133702,5.02E-05,0.043360643,123.046875,2.0072567,960.7889,-0.001739206,11.491579,-0.000360566,4.1913614
b,0.3072303,0.088209644,0.1591975,0.002743844,2496.669941,183221.2058,2440.773865,75245.70404,5380.400799,802573.7194,0.121973185,0.001408224,-3.05E-05,0.016692314,99.38401442,-0.052370925,877.401,0.003980449,4.2622814,-0.00137427,2.2989044
b,0.3382332,0.09043265,0.20692576,0.003284485,2618.396539,158673.1111,2519.234816,58741.45276,5720.398743,743533.0746,0.13383139,0.001301113,-5.41E-05,0.023057673,135.9991776,0.96639013,678.5127,0.000875526,4.2077003,-0.000413985,1.9070003
b,0.3152661,0.09644194,0.6120673,0.04247394,1414.341962,93478.10003,1622.234842,35940.9667,2497.534898,353484.3125,0.063900596,0.000680339,-0.000247691,0.30376273,129.1992188,3.344745,1364.5828,-0.001314574,2.5676718,-0.000863289,0.8562193
b,0.2925031,0.08812519,0.12696904,0.002376831,2226.878474,203248.4626,2039.828862,70509.69483,4199.174608,864533.9962,0.129154926,0.002072401,-1.88E-06,0.013790803,117.4538352,-7.9791718,1281.09,0.003857573,3.460263,0.001442657,1.2546974
b,0.32700646,0.08769523,0.14588127,0.002037164,1935.842786,72721.18156,1944.560342,46600.35764,3662.027856,433058.3291,0.097409464,0.000775082,-3.48E-06,0.015111687,135.9991776,-4.367121,1233.3328,-0.002734285,2.7947512,0.001743737,1.1534721
b,0.35142335,0.08706164,0.16703793,0.004405782,2246.146204,87121.90295,1770.64406,38473.12755,4112.514355,234723.1182,0.14017349,0.001715947,-2.49E-06,0.016518336,112.3471467,-3.1360176,1349.187,-0.007294222,5.227996,0.000117326,2.0301933
b,0.37146965,0.092310086,0.16764757,0.003115425,2093.716217,288290.7727,2344.001678,178629.0942,4605.62849,2205280.993,0.086952631,0.000697622,-9.51E-06,0.019339535,95.703125,1.9213616,1106.807,0.004842269,8.475472,0.000450337,3.4718585
b,0.39342943,0.08366602,0.13039106,0.001837586,2463.02105,92512.28623,1918.158579,35851.55227,4594.772216,258011.6641,0.154708437,0.001400661,1.31E-06,0.009022352,123.046875,-3.3565512,1227.3025,-0.000314373,4.249043,0.000638218,1.512551
b,0.3585136,0.08899289,0.23382269,0.002441972,3071.198188,465772.8349,2710.222212,90532.67147,6287.720044,1404869.566,0.146964057,0.004002969,2.91E-05,0.032440603,135.9991776,3.6770444,582.3023,0.003773624,8.889738,0.000603837,4.7554913
b,0.38081333,0.09270644,0.2507545,0.01387348,2975.992372,656122.3687,2825.081742,86504.0215,6522.527865,1707112.064,0.1439624,0.007715869,9.58E-05,0.03806013,129.1992188,4.50292,594.6536,0.003581667,8.702854,-0.002129615,3.763187
b,0.39414072,0.085883126,0.16270489,0.001680002,3112.65494,442340.1986,2648.906142,63485.50322,6271.739888,1251622.329,0.165870004,0.003865656,-5.26E-07,0.013494999,92.28515625,1.0925603,555.83496,0.004414512,7.7190766,-0.000516155,3.340384
b,0.2901045,0.08811853,0.2318346,0.005517297,2589.848208,423240.4899,2463.731514,75759.25257,5424.474524,1151743.725,0.1330237,0.003274633,1.28E-05,0.030961739,99.38401442,2.9877758,820.27386,0.026559096,7.2644877,-0.001287884,3.8751113
b,0.36844105,0.09019579,0.2584125,0.009704673,2726.301385,608811.2098,2683.550096,148125.8379,5982.186753,2396065.896,0.119647019,0.003516917,-6.00E-05,0.03661085,129.1992188,4.9826875,698.555,-0.001645369,9.215386,-0.00027002,3.8750908
b,0.363735,0.082726896,0.20952398,0.003303038,2603.901925,371767.4475,2465.735792,137942.4537,5355.948682,1820581.803,0.13032972,0.00199443,1.22E-05,0.018725501,117.4538352,4.3853006,764.0457,0.000112386,9.307947,-0.003718507,4.213394
b,0.3764413,0.08741184,0.20033728,0.011740784,2380.982231,270953.9559,2424.22562,115410.912,5146.697947,1216074.49,0.123895882,0.002335923,6.98E-06,0.018265411,107.6660156,2.9224656,846.934,0.01028646,6.070528,-0.006097818,3.0302427
b,0.36087632,0.0868689,0.20378819,0.00331368,2457.057818,408785.3218,2335.687477,197270.5088,4990.527513,2224103.475,0.129950629,0.00225336,-5.75E-06,0.02221466,143.5546875,2.2812588,943.6627,0.023995543,11.741844,0.002206203,5.808995
b,0.36086446,0.089950904,0.20066372,0.002422545,2814.769898,426887.8213,2680.466177,133026.5798,6025.865852,1995945.212,0.137798168,0.00331718,-1.26E-05,0.019182986,143.5546875,3.1878214,682.02386,0.002471952,8.586969,0.001529449,4.2124486
b,0.38292807,0.085145436,0.23622759,0.008197984,2509.135427,376656.7568,2462.448262,98963.49067,5307.038045,1409527.626,0.121147585,0.003679123,1.65E-05,0.024216408,129.1992188,4.0040975,938.1219,0.025239712,9.445444,0.000551803,5.045511
b,0.2883273,0.08548196,0.22308151,0.005132035,2498.957919,255157.8983,2459.435913,101996.857,5204.843345,1499075.585,0.12615087,0.001457462,-3.41E-05,0.032955594,151.9990809,3.2984414,756.9884,-0.001782868,7.0824704,0.003730305,4.468313
b,0.33876398,0.0865394,0.35880706,0.012431503,2409.571627,420525.9816,2454.403221,105845.3624,5122.763661,1649147.744,0.107990553,0.002649176,-8.00E-06,0.079131775,129.1992188,5.9818425,753.4006,0.01914328,8.824203,0.001440328,3.6852353
b,0.27899218,0.08518475,0.205233,0.006350055,2738.615633,640577.8413,2664.574802,114639.0971,6023.88452,1961239.593,0.126220138,0.004657563,1.46E-06,0.021432435,99.38401442,1.630837,891.8577,0.014341872,7.297299,-0.000179207,4.0246444
b,0.27942857,0.08467684,0.20236854,0.003570893,2954.341006,418896.2287,2764.814392,62300.03983,6373.670767,1362948.873,0.143839393,0.004409537,-4.06E-05,0.024431694,129.1992188,1.69607,570.9448,0.004535338,6.527962,-0.000368947,2.6938477
b,0.2716859,0.08312376,0.20769274,0.002890199,2864.825925,789644.2851,2762.74589,139945.3511,6370.516592,2350188.854,0.130995735,0.006247717,-3.63E-06,0.024503417,129.1992188,1.556222,698.0889,0.002447305,7.9848657,0.000452768,3.6401896
b,0.31652382,0.085119724,0.3201911,0.013736308,2954.821862,600805.4262,2733.405347,131835.623,6353.745857,1629638.351,0.137818691,0.005816262,4.57E-05,0.058893252,151.9990809,4.1584496,676.04486,0.015080402,7.3748684,6.55E-05,3.0451956
b,0.3461175,0.09404345,0.33595252,0.009421799,2511.697336,398568.5456,2491.670377,147065.1743,5306.281365,2291596.199,0.1127033,0.002121489,0.000219565,0.05233951,92.28515625,4.3506737,714.926,-0.001850118,9.121559,-0.000582414,4.572063
b,0.3469475,0.07781513,0.19883995,0.002171415,2540.756352,394133.8272,2496.762878,109070.7774,5359.876818,1907396.658,0.123130003,0.001489885,-3.59E-06,0.022264993,99.38401442,2.575807,682.17615,0.005628209,6.749486,0.001065851,3.4079335
b,0.40809527,0.08883793,0.2490128,0.00790821,3091.31985,633289.4848,2754.094306,44446.47156,6467.155287,1222073.993,0.146526195,0.006560762,-1.17E-05,0.029130463,123.046875,5.294062,512.02496,0.006991944,8.897594,-0.000632458,3.553525
b,0.44621903,0.08749427,0.3231598,0.018715994,2437.738551,841993.8658,2488.672928,230087.7026,5150.680712,3750526.872,0.11231486,0.004288827,-4.47E-05,0.03891626,123.046875,6.3177185,809.5694,-0.007398607,8.1587925,0.000715874,3.0418315
b,0.29326424,0.08860731,0.24025677,0.00702782,2327.897422,505413.3918,2189.419241,254910.1957,4633.446769,1902185.702,0.110894343,0.003231332,-0.002216982,0.03465222,99.38401442,0.29905993,1433.9175,0.011041448,14.911541,0.002358417,9.2125
b,0.2922539,0.085068904,0.22414982,0.003170225,3005.8134,454868.5471,2665.697538,65802.85638,6305.004695,1063302.952,0.156420523,0.004046172,2.65E-06,0.026871657,86.1328125,4.0596275,535.9512,0.005802197,6.439122,-0.000901577,4.136608
b,0.3584101,0.088481955,0.33415395,0.011508141,2521.011186,639186.9227,2613.50067,182142.2004,5623.638846,2893523.16,0.110608671,0.003716774,-0.000258325,0.060040303,123.046875,5.2506957,706.0114,0.001695214,10.768264,0.000327287,4.47252
b,0.31443343,0.08827174,0.30279303,0.006727893,2891.591116,485362.8202,2527.108936,102294.5717,5768.52333,1659664.415,0.159122265,0.003109486,1.11E-05,0.04392911,135.9991776,3.711611,586.93646,0.006877889,11.277267,-0.004151549,5.00944
b,0.34521416,0.082941055,0.1781568,0.002383777,2859.833693,584616.2667,2683.608265,77281.20747,6054.837416,1318968.699,0.14669854,0.00526553,3.34E-06,0.013592623,117.4538352,2.0543652,650.23096,0.004605231,6.22181,-0.001593163,6.487117
b,0.30314633,0.0866505,0.3794656,0.006393384,2302.259156,603948.9486,2552.901537,131864.9981,5094.653713,2280615.14,0.089079386,0.003652839,-3.06E-05,0.09223105,129.1992188,8.618523,663.4572,0.00115646,5.3198204,0.000406744,2.9715066
b,0.30891958,0.081410505,0.24127091,0.002192469,2549.718553,223699.912,2350.747323,92131.33189,5180.488439,1278796.449,0.145364553,0.001223574,-0.000292251,0.029690614,103.359375,5.2481337,626.79675,0.001253847,4.835019,-0.002225355,3.1487615
b,0.29923335,0.08544774,0.36553708,0.016139405,2802.627168,565055.463,2470.059221,130057.8383,5665.312804,1702353.346,0.164656406,0.007686229,0.000243747,0.09157335,129.1992188,3.6506412,603.4004,0.009283979,4.862751,0.00343878,1.9133378
b,0.35230654,0.082457244,0.17048511,0.003471881,2642.544373,402266.347,2509.760178,100054.2991,5460.873195,1420016.286,0.137047019,0.003522084,7.32E-05,0.01499377,99.38401442,3.1600177,758.29016,-0.003542811,5.6815944,-0.000739625,3.192429
b,0.33515218,0.08309509,0.16949739,0.004070622,2433.643472,349150.6717,2397.819151,136095.9919,5078.266485,1623571.696,0.136881385,0.00231905,-1.11E-05,0.01776052,143.5546875,2.1816578,1124.4563,0.022887155,7.592373,0.00093853,2.801711
b,0.36314642,0.08362054,0.19000384,0.002468908,2990.884453,570898.2491,2649.362953,70569.27929,6124.104161,1309660.504,0.164600659,0.004872107,3.69E-06,0.01865943,123.046875,4.2406344,658.6397,0.01919084,8.398934,0.002592105,3.5258398
b,0.36143795,0.085065424,0.2840201,0.004857857,3055.257006,475736.2949,2737.551719,64871.96921,6362.649326,1275805.581,0.159076872,0.004894298,7.22E-06,0.035412885,95.703125,5.214997,524.6594,0.034977466,8.622296,0.004598205,4.3984275
b,0.4446984,0.08562487,0.21968703,0.006186558,2950.359462,710950.271,2836.17073,92659.91746,6492.771867,1753946.953,0.120097746,0.005116724,-7.15E-06,0.026622862,123.046875,5.417551,666.34106,0.003997145,9.382574,0.000342182,3.793756
b,0.3920756,0.08752722,0.17100063,0.010785468,3117.399213,699103.3491,2579.136612,186667.7381,6133.683933,2228927.648,0.185151582,0.006691658,1.24E-05,0.010714572,151.9990809,-2.6662397,910.0805,0.014742927,15.162428,0.000154605,5.9150243
b,0.3554814,0.09117628,0.3546242,0.011719488,2542.671956,527813.9617,2507.551274,107167.1963,5363.208646,1817521.413,0.119933143,0.004567956,-5.98E-06,0.05821613,129.1992188,4.9688993,628.87164,-0.002711346,8.0016985,-0.002951853,3.1259122
b,0.32055354,0.09521886,0.10353721,0.001432457,1739.874786,201988.8152,2109.683441,107801.0676,3813.61726,1416658.848,0.070093667,0.000722525,7.58E-07,0.008468255,129.1992188,-3.67264,2334.3154,-0.005247946,2.8636281,0.00121014,7.0508847
b,0.30890313,0.09116134,0.22696427,0.004731678,1622.93291,168062.1745,1963.261758,113153.789,3322.70659,1249861.236,0.062389129,0.000324426,2.99E-05,0.030236436,117.4538352,0.59504914,1358.5099,0.005895766,4.5200095,0.001791283,4.1533527
b,0.2592881,0.083547466,0.07015552,0.002309226,1741.467408,108196.6447,2042.43741,50692.23869,3515.536553,865187.3812,0.077924076,0.000533928,-1.19E-07,0.004908992,117.4538352,-8.159187,2857.4294,-0.000112172,2.4839747,-0.000132273,1.2780757
b,0.32476932,0.09138262,0.17611443,0.008549758,2073.835963,182595.1606,1925.938267,70514.65821,3969.122859,659393.1905,0.103835187,0.001378818,5.54E-07,0.017925883,129.1992188,-4.115469,1358.7185,-0.00209163,7.2951536,-0.000873755,3.3195202
b,0.4096638,0.09365622,0.14259139,0.011362249,2601.253419,435295.0142,2574.045154,65874.55449,5665.901419,1395006.666,0.093739166,0.003543156,2.99E-06,0.014989479,123.046875,-1.6257273,1750.6061,0.024999572,18.432064,-0.006619142,5.8213897
b,0.23544611,0.086967856,0.23084113,0.00282145,1622.734216,64076.8075,1932.100575,27156.87591,3345.717301,434346.376,0.070768904,0.000426633,3.05E-06,0.040377457,135.9991776,-1.3213193,1345.1719,0.00450113,4.415358,0.001382274,2.3962808
b,0.22636129,0.087375924,0.075683355,0.003090702,1407.451019,92504.67374,1596.322763,70737.26971,2687.366516,530742.0372,0.069868791,0.000715755,3.06E-06,0.007677175,143.5546875,-8.451552,3656.8928,0.001833808,3.696402,-0.001601707,0.9393784
b,0.21650775,0.09056893,0.089387245,0.002748696,2446.602444,218388.068,2382.339425,48912.24087,5066.923243,1082283.079,0.119024278,0.00339271,-3.03E-07,0.010155626,123.046875,-10.516363,2149.2395,0.002109635,1.5816493,-0.000340333,0.45009378
b,0.2203841,0.09336556,0.25245178,0.009720287,1747.671634,140252.7523,2099.345393,61144.59243,3553.69022,787245.4334,0.060442538,0.000617946,2.42E-05,0.061993476,99.38401442,-1.7680246,1362.0571,-0.008667563,4.5638566,0.002393789,2.0579484
b,0.23601167,0.08986545,0.050269056,0.00077697,2110.824104,186671.9351,2223.180191,49959.13327,4176.481433,1180204.992,0.099092945,0.002136753,-1.94E-07,0.002996407,129.1992188,-13.190102,3130.1533,0.000577692,1.3255674,0.002789012,0.3729565
b,0.30386093,0.092904575,0.23118532,0.008536197,1816.770245,149392.3765,2065.730432,72965.66197,3737.127953,723481.4563,0.076304736,0.001127565,9.30E-05,0.04099808,95.703125,0.14117742,1282.3969,0.005328664,4.4344163,-0.001245522,2.1941786
b,0.3163577,0.087274894,0.25134283,0.00569862,1734.530161,179196.3892,2119.771212,87917.82529,3796.556463,1266722.871,0.06717105,0.000623448,3.90E-07,0.04404571,161.4990234,0.97236514,1170.0417,0.008791612,4.531384,0.002607864,2.080466
b,0.33868727,0.09288461,0.25858057,0.0067277,1810.881681,113669.2232,2035.001903,57725.78022,3599.429657,503350.8578,0.073304489,0.000597226,7.24E-05,0.03968859,123.046875,1.4363837,1115.997,-0.005376215,4.980598,-0.001706098,2.082156
b,0.25799286,0.08808327,0.20458008,0.006869074,1998.123056,176192.5341,2099.243301,85102.31662,4015.801697,700941.6918,0.10748155,0.001949464,3.11E-05,0.033158515,161.4990234,2.7511275,1285.7961,0.008204811,5.1651444,0.000303084,2.840514
b,0.27475816,0.088550374,0.2700017,0.003778482,1985.87734,186861.3571,2202.783684,104009.973,4099.807671,1068440.807,0.08884617,0.001135757,2.68E-05,0.045978762,135.9991776,4.4294395,881.5811,0.004938955,4.482815,-0.004317736,2.5083835
b,0.24168652,0.091034524,0.25240913,0.007631875,1719.180066,202007.1928,1950.509671,98400.61448,3455.946691,920951.1542,0.069228598,0.000990449,-0.000299806,0.05126581,135.9991776,0.776577,1477.0143,0.011285173,6.8230405,0.00432008,3.7335358
b,0.30952528,0.095846966,0.29710355,0.008091808,1795.471864,149506.6355,1927.322672,87129.5191,3519.478744,649605.3933,0.08018021,0.000664558,0.000548113,0.049597632,143.5546875,4.0330176,1181.7357,3.21E-06,8.496824,-0.002098326,5.206142
b,0.2805246,0.10214867,0.19338702,0.010988873,1470.625507,289047.4923,1829.704025,151134.3281,2979.63206,1461163.149,0.051535901,0.000644514,-4.77E-06,0.0354328,143.5546875,-1.3238634,2270.9668,0.00097225,9.505254,-0.002296944,4.890522
b,0.4761209,0.09402898,0.34952015,0.012100085,1267.803465,124023.5043,1801.449034,68295.88689,2685.766414,812047.0941,0.031873018,0.000416081,3.64E-05,0.11382913,107.6660156,8.48099,1565.1036,-0.004608485,6.041515,0.000546072,3.1795032
b,0.22877187,0.081861526,0.020975675,0.000261122,1487.793267,186005.5309,1809.338974,81911.94711,2881.993474,1020906.363,0.069465678,0.001956839,-8.01E-07,0.000668671,129.1992188,-13.678936,7014.207,-0.002766677,2.6326327,3.60E-05,1.2477802
b,0.17489365,0.08456325,0.04370651,0.001005757,1353.604715,77184.52693,1758.466857,52004.66618,2659.91296,586037.5213,0.043683614,0.000410348,-7.58E-07,0.002852571,123.046875,-13.610013,5514.478,-3.13E-06,1.1897109,0.000681227,0.37977085
b,0.20020913,0.083320335,0.03766232,0.000979896,1628.127296,83565.09225,1879.559786,40397.9484,3131.858503,454098.3903,0.069805737,0.000803637,-9.27E-07,0.002261917,123.046875,-12.8402,4790.8447,-0.00128118,1.3068491,0.000326543,0.46761933
b,0.30678704,0.08952673,0.13312107,0.011579194,1435.971423,276923.4147,1661.970605,96958.10336,2753.495184,1137640.196,0.063926772,0.000879998,1.48E-07,0.01698853,135.9991776,-1.5918801,2958.3142,0.007007523,15.11378,0.001462489,4.813462
b,0.22067994,0.08070471,0.0338844,0.00042542,2079.019152,189790.1932,2121.817547,46715.42048,4294.292857,959271.09,0.121398325,0.002362327,7.00E-07,0.00134546,123.046875,-11.020641,4029.2627,-6.46E-05,1.5601288,-0.000764548,0.5148203
b,0.26491365,0.0982656,0.078233935,0.002810137,1219.713171,143309.5725,1649.625693,84829.92163,2360.110786,924855.9299,0.043321747,0.000389514,-1.56E-06,0.007420778,161.4990234,-6.06235,4407.691,0.007238373,4.6875625,-0.001254781,2.5928307
b,0.27039352,0.09562055,0.07799927,0.002393477,1216.716333,145784.7356,1634.83698,74632.55546,2357.209264,891715.9859,0.04266898,0.000275119,-3.33E-06,0.006739155,172.265625,-5.9481697,4221.5874,0.003731081,4.9230914,0.004195247,2.4703732
b,0.26102927,0.0872388,0.062529944,0.00129309,1468.915826,156230.39,1850.670448,78532.95966,3056.516744,1114772.609,0.067098197,0.001318463,-2.10E-06,0.003704943,89.10290948,-5.4978924,3898.6895,0.001609157,4.4311166,0.000842771,2.1139183
b,0.26082283,0.09067434,0.09246982,0.002149483,1477.684204,187891.0607,1817.28651,88951.57779,3117.212339,1128347.65,0.063625893,0.001258935,3.12E-06,0.00769591,107.6660156,-4.077491,3062.989,-0.006131864,5.5004425,0.000760434,2.6056721
b,0.25445187,0.09177282,0.08859968,0.001660121,1484.353717,253841.9555,1811.541867,100667.7738,3070.160416,1397377.246,0.057283412,0.000840558,3.77E-07,0.006947958,112.3471467,-4.758041,3269.3196,0.001706575,4.895961,0.000142519,3.0704918
b,0.3127171,0.09180331,0.057785988,0.000855939,1785.734906,267267.1579,2047.268852,91988.45189,3796.567782,1314808.005,0.080351651,0.001519966,1.39E-06,0.002980355,129.1992188,-4.688518,3300.4055,0.003346572,6.024023,-0.000796453,3.190301
b,0.29453737,0.09186113,0.09299995,0.001150787,1659.139073,270563.6634,1940.433549,111516.8513,3552.350939,1360968.334,0.068663581,0.001065107,-4.83E-06,0.006498476,161.4990234,-2.7313478,2642.324,0.003146171,6.0546794,0.003073664,4.587864
b,0.25866732,0.09019629,0.101154916,0.00089107,1595.541722,209814.4676,1898.121104,103514.4138,3427.006832,1060403.075,0.061905265,0.000803551,2.16E-06,0.008574436,107.6660156,-3.9097638,2492.7114,0.001468104,3.6684704,-0.001478201,2.5584633
b,0.34580114,0.08997944,0.09688659,0.000653946,1914.362524,237229.3077,2114.221407,86397.50813,4197.303789,1037409.545,0.094660029,0.001624011,-2.81E-06,0.005836683,135.9991776,-2.4024408,1903.5582,0.000277181,4.068072,0.001030654,2.4759018
b,0.29086143,0.09205761,0.12947029,0.000569751,2042.661638,94206.55126,2202.727876,53141.00427,4049.856346,555622.0605,0.089447163,0.000473005,3.36E-06,0.010009256,135.9991776,-4.4183893,1219.9816,0.001156809,3.9692748,-9.74E-05,1.6873484
b,0.29070386,0.09242254,0.099870354,0.001157124,1546.469294,222916.999,1865.062836,112670.5897,3259.34615,1213805.182,0.061604756,0.000531527,-7.20E-06,0.007279084,151.9990809,-2.3463247,2559.0007,-0.003193053,5.0803876,-0.000431751,3.4284084
b,0.32348838,0.089689866,0.27956906,0.003776068,2479.651974,448542.878,2231.48923,141543.6583,4833.609627,1707561.679,0.131486951,0.003065464,-0.001100619,0.04804388,103.359375,0.5306109,819.43835,-0.004330463,8.436726,0.004861369,3.0024545
b,0.3130367,0.095678814,0.21021934,0.004065145,1914.538509,447440.6112,2241.826802,204064.4176,4105.28384,2383337.006,0.073743122,0.001198507,9.38E-07,0.030534098,107.6660156,-2.0635757,1505.8352,0.002689368,10.215393,0.00123648,3.9917421
b,0.24483316,0.08709614,0.4462244,0.010092238,2933.013795,329608.8017,2503.865454,73561.18266,5878.8642,993882.8495,0.165536161,0.003348206,7.64E-06,0.13584511,107.6660156,3.6728978,591.3564,0.031238165,8.321638,0.001094146,4.053624
b,0.28340608,0.0903898,0.48228297,0.016745264,2924.231408,378313.4353,2523.589719,83469.39778,5826.390398,1064424.173,0.155506293,0.004070699,-0.00019322,0.14140272,89.10290948,3.986119,668.91956,0.03669931,10.326538,-0.000795675,3.7666845
b,0.2831851,0.08983246,0.4789262,0.015572907,2878.68926,323031.3634,2517.273356,85712.12471,5773.834783,1041620.522,0.150700221,0.003075466,-0.000247101,0.13689657,89.10290948,4.088964,624.13696,0.012505314,9.030132,-0.003502659,3.671336
b,0.25208637,0.0858978,0.30320138,0.007780423,2985.68535,540910.7898,2670.751362,61466.78867,6210.847459,1084813.083,0.158508114,0.007011723,3.97E-05,0.05266257,117.4538352,2.4883935,737.3462,0.018234305,8.041734,0.000202842,3.872372
b,0.30998817,0.08744134,0.2925269,0.006233847,2914.171182,180904.4941,2680.177634,53799.59662,6206.665935,747955.45,0.146613165,0.001524673,3.59E-07,0.039891973,117.4538352,3.0458002,560.01794,0.000392305,8.950589,-0.00278189,3.9034035
b,0.21513698,0.08598004,0.33821845,0.011096395,2693.136397,395815.3302,2551.985815,109788.9485,5687.785931,1777421.014,0.137929265,0.003341475,-9.74E-05,0.086845346,112.3471467,0.83431125,709.68585,0.015563371,9.084064,-0.001661136,3.5969803
b,0.3046361,0.08701814,0.25055575,0.005688916,2019.47829,378557.5971,2210.65534,126748.7521,4161.473509,1706991.343,0.091106825,0.002031473,-2.01E-05,0.039606072,107.6660156,1.8432919,1137.0955,-0.003481743,11.277793,-0.000401995,5.2681108
b,0.25754523,0.08679132,0.25939375,0.008530167,2733.015108,463903.8729,2527.283412,118521.9417,5685.700772,1835959.092,0.143975788,0.00313687,-8.14E-06,0.049359746,112.3471467,0.35461134,750.7511,0.024874989,8.038103,0.00019455,3.755099
b,0.2647684,0.086645134,0.2638589,0.005449101,2464.749127,280681.6258,2439.598096,95644.34842,5173.499091,1106482.407,0.122947959,0.003060209,-1.04E-05,0.05024504,143.5546875,3.2651129,750.34186,0.001100508,9.494156,-0.000850311,4.8510585
b,0.2290061,0.08905172,0.22769627,0.005275109,1774.206259,282282.8276,1980.388461,121667.1558,3475.916647,1327306.332,0.090270809,0.00156672,-4.40E-06,0.03616342,99.38401442,0.026159089,1676.8081,0.015176791,10.727332,-0.006498853,5.321331
b,0.27027652,0.088160686,0.2655252,0.004995879,2493.831211,289871.0082,2443.668618,95249.69931,5205.888753,1129730.87,0.123840425,0.003020526,-1.63E-05,0.05088957,143.5546875,2.9535375,737.818,0.009141955,9.436377,-8.80E-05,5.0429025
b,0.23483793,0.089433566,0.29633048,0.006331728,2346.554024,366365.6987,2473.420305,151913.4745,5130.643422,1860591.605,0.100417265,0.001215663,3.71E-06,0.06364101,129.1992188,0.84728914,911.0514,0.002617492,10.606944,-0.002256771,5.0114436
b,0.23483793,0.089433566,0.29633048,0.00633173,2346.553815,366365.4651,2473.420232,151913.5651,5130.660063,1860561.135,0.100417265,0.001215663,3.71E-06,0.063641004,129.1992188,0.8472905,911.05133,0.002617543,10.60694,-0.002256769,5.0114417
b,0.29518187,0.089314304,0.2691152,0.006966373,2510.68254,251100.7479,2379.728129,58835.46894,5112.621301,869348.7478,0.125507797,0.002533741,2.36E-05,0.0445902,112.3471467,0.36996746,744.9369,-0.007671761,9.21901,-0.001788501,4.490427
b,0.3008766,0.0922066,0.2594343,0.007949855,2490.499473,283189.6671,2381.085033,43369.62644,5125.349228,816218.7177,0.119538831,0.003127305,3.56E-05,0.042220563,112.3471467,0.3315787,814.1746,-0.000313368,9.686617,0.00073708,4.7951493
b,0.26522768,0.08609162,0.3012436,0.009470126,2691.282247,390049.1881,2367.450791,149428.117,5259.280856,1728618.621,0.154893915,0.003247784,-2.33E-06,0.066844136,161.4990234,0.76694536,701.10657,0.019272646,7.9225807,-0.006568871,3.718308
b,0.2596699,0.08710428,0.27465707,0.004282412,2046.311539,366737.9043,2183.806246,150276.1194,4309.524103,1899087.933,0.088286232,0.001209004,-7.50E-06,0.045866985,99.38401442,1.5270762,1213.36,0.003899968,15.484877,0.001104774,5.7329674
b,0.27055305,0.08665659,0.4407227,0.006697379,2786.480117,409282.138,2501.971568,104701.4402,5633.751271,1459249.873,0.148692045,0.003860369,3.29E-05,0.13165618,107.6660156,3.6860318,643.2121,0.027471092,7.2120957,0.001833647,3.4001644
b,0.2799079,0.08696111,0.4530543,0.006543027,2927.254891,362301.0544,2594.235499,81280.78747,5962.165394,1234300.743,0.156920736,0.003455007,6.74E-06,0.14492658,107.6660156,4.386422,523.14215,0.006617182,5.88293,0.000731977,2.676681
b,0.22501649,0.083933465,0.3038789,0.005427328,2494.865958,361043.2452,2381.153106,165201.7592,5107.583236,2001314.581,0.133485901,0.001968224,-4.17E-05,0.06844583,107.6660156,0.15380485,787.3195,0.014290717,9.871481,-0.011283106,4.123207
b,0.24220581,0.0899903,0.27793393,0.008286067,1951.712355,376601.7944,2148.560517,127125.3829,3967.982067,1835260.825,0.088330003,0.001145861,0.002324338,0.053874668,123.046875,1.4955275,1277.6318,0.018505018,10.489589,0.00421725,5.268826
b,0.2142468,0.08436765,0.31990686,0.003540986,2401.240871,308228.5853,2336.608211,167010.11,4930.351589,1859508.947,0.125819548,0.001018342,1.46E-05,0.07723297,161.4990234,-0.14620326,762.09326,-0.004204379,8.591955,0.001378499,3.8580976
b,0.28294247,0.09008995,0.2644506,0.004929205,2322.981648,365881.2648,2267.97891,122886.2889,4623.511003,1593867.575,0.116610813,0.002352356,-4.02E-06,0.04365301,99.38401442,1.5412154,960.85065,-0.003647652,10.144581,-0.000559495,4.1706963
b,0.25068748,0.08611693,0.46159562,0.009502785,2591.691459,268028.5378,2433.822009,102728.6921,5263.616999,1275758.643,0.131198708,0.001608126,-0.000216001,0.14907244,123.046875,4.1662855,599.4778,0.001540794,6.0411725,0.002099207,2.3481665
b,0.2248043,0.08410574,0.47004414,0.011356899,2457.81831,309416.009,2444.942735,89611.0638,5188.415415,1566656.171,0.120221339,0.001648169,-0.000101494,0.15064068,107.6660156,5.3432703,684.45886,0.001175783,7.270934,-0.005770095,3.1094863
b,0.23839307,0.08665386,0.4813854,0.010382772,2577.260644,257876.8459,2420.32934,101990.2464,5218.105883,1264240.632,0.131538414,0.001537259,-0.000160432,0.16332744,123.046875,4.2276573,608.37964,0.005079166,5.8734965,-0.000526778,2.2388616
b,0.22617672,0.08219484,0.43917724,0.012336756,2522.647042,231836.0751,2420.010046,78575.8126,5170.857953,1187546.268,0.126410341,0.001357559,-0.000271348,0.13752572,107.6660156,5.438251,622.78296,-0.004799638,6.633507,0.000340719,2.9898064
b,0.30958173,0.087264374,0.3775786,0.009602229,3173.232838,327629.0645,2638.539261,45458.20133,6389.920671,923888.0629,0.176647819,0.003381568,0.000114946,0.08336538,117.4538352,3.1892004,493.30136,-0.000869966,8.236812,-0.000911425,3.939802
b,0.22377364,0.086956985,0.4536796,0.015176321,2537.320329,284147.4863,2541.043636,100280.9342,5518.303742,1608805.132,0.117671669,0.001207825,-0.000106408,0.1442611,117.4538352,3.391069,642.58344,-0.004440496,7.929507,-0.002043107,3.6080542
b,0.28142202,0.09008639,0.48204437,0.015617399,2884.97344,320856.4356,2515.96494,84574.85415,5776.412441,1031483.943,0.151258639,0.003009236,-0.000236824,0.13888747,89.10290948,4.0980787,623.25616,-0.000401689,9.066305,0.000434915,3.6862147
b,0.30020273,0.08915268,0.43563688,0.00884246,3023.969468,282615.9063,2547.509455,73011.58995,6006.288004,1008333.401,0.170439319,0.00273026,7.17E-05,0.11880258,107.6660156,4.0663714,512.6727,-0.002172915,5.926885,-0.001718215,3.140217
b,0.35435358,0.08936417,0.3097242,0.00511681,1953.689662,238042.3973,2159.251601,105013.2581,3970.131067,1278151.85,0.081454157,0.000848008,4.54E-06,0.05038957,117.4538352,4.1618376,946.657,-0.003546513,7.1721206,-0.001273689,3.9749563
b,0.34071597,0.08627189,0.43456838,0.006144617,2965.446556,416726.4364,2486.353264,60627.61929,5707.030144,1103689.826,0.16816959,0.004713089,7.11E-05,0.10483923,161.4990234,4.1179085,567.17456,-0.005162616,5.995678,0.003520178,2.7790375
b,0.28755328,0.08517885,0.13368595,0.003196867,1709.646831,284117.2581,1734.743051,89197.40811,3155.714734,921414.2291,0.097927393,0.002762257,-7.86E-06,0.014754028,135.9991776,-6.124655,2013.2749,-0.007214324,5.057055,-0.000355543,1.8935188
b,0.25126508,0.08617418,0.08264341,0.003778518,944.8286417,53862.86325,844.6543889,18371.90944,1803.775043,265472.6082,0.06665709,0.000682677,2.68E-06,0.007565149,129.1992188,-7.98459,5659.7236,0.00299076,2.3538282,0.001605027,0.7770187
b,0.24602503,0.09104836,0.2004742,0.006706693,919.2870417,17479.5069,780.7287856,8288.986428,1719.365543,90261.02632,0.056891837,0.000350401,-1.35E-06,0.038013346,135.9991776,-4.9229765,4152.6885,-0.003440358,2.4945598,0.001915225,1.0558596
b,0.2600577,0.09230896,0.091086015,0.001767473,1125.056845,215214.7372,1259.551682,262498.2039,2158.802088,1216303.973,0.055477235,0.000852594,-1.25E-06,0.007150537,123.046875,-8.585122,4634.372,0.009224628,4.5845704,0.000197131,1.561017
b,0.30506158,0.09159282,0.11594169,0.00155321,1353.093459,128341.5874,1435.864674,85341.41432,2619.295874,558518.5063,0.066795163,0.000722499,-1.17E-06,0.010343284,129.1992188,-6.4791293,3002.1301,0.00036704,5.512336,0.001802341,2.127306
b,0.35134637,0.09094954,0.11193202,0.001715043,2972.77843,2020709.568,2679.036617,341442.9706,5964.401164,4909406.287,0.143391678,0.009811332,-4.27E-06,0.007888995,112.3471467,2.0105815,1717.6685,-0.001236536,16.461935,-0.000214818,7.0673685
b,0.3518177,0.0864688,0.1059567,0.001262258,2789.055407,1679020.079,2577.764233,340851.2927,5627.297141,4669564.932,0.141331497,0.008101163,-4.50E-06,0.006625986,112.3471467,1.9151765,1584.5636,-0.003836812,13.081146,-9.51E-05,5.6125383
b,0.31491217,0.086202554,0.1455665,0.001989757,2416.752102,409530.8888,2310.060556,151938.3657,4920.749112,1853025.554,0.122108822,0.00305155,-5.93E-06,0.014347783,112.3471467,-3.1549137,1075.5536,-0.005554991,6.4608192,0.002072144,2.81988
b,0.30549288,0.08673253,0.17378753,0.00159319,1957.2786,232495.9851,2259.877368,231418.6453,4199.20544,2505779.317,0.089397343,0.00054447,2.08E-06,0.020931544,143.5546875,1.5179658,1206.9802,0.002520356,4.641077,-0.000390184,3.252193
b,0.31492722,0.0871486,0.10690946,0.003666576,1691.244752,208681.4634,1512.536064,87980.98486,3012.302185,778449.2094,0.109248573,0.001600215,4.41E-06,0.011149426,123.046875,-10.560979,2827.791,0.003449735,3.7939126,0.001654452,1.1498305
b,0.31020206,0.08355314,0.16519439,0.000599883,1967.491871,516396.6105,2283.362724,333542.2062,4246.468018,4108080.545,0.089148342,0.001720248,4.82E-06,0.020161567,135.9991776,1.8572398,1331.0839,-0.000257153,5.4476113,-0.000794211,3.398599
b,0.2748185,0.09202917,0.14434125,0.004602391,1723.047216,607916.3465,1791.511825,153615.5884,3191.014038,1889770.171,0.084045977,0.004957032,1.48E-06,0.01930111,129.1992188,-7.253256,2045.3268,0.001153559,5.800646,0.002986722,2.1494877
b,0.28938922,0.09334966,0.18779035,0.005864844,1488.128699,284276.8886,1823.206233,69030.35835,3132.635881,984229.1405,0.047169988,0.000848487,4.09E-07,0.031827066,99.38401442,1.8801843,1961.8643,-0.003750022,8.999536,0.000526187,4.0036607
b,0.27800068,0.08872387,0.2131859,0.005019236,2575.190772,690296.5927,2713.788316,125680.832,5887.176077,2114559.679,0.104986483,0.004473993,2.40E-05,0.030061925,103.359375,-0.5088457,934.6971,0.000658595,9.517201,-0.000245047,3.7203
b,0.30189034,0.08837696,0.23365945,0.007182496,2931.962704,682500.6171,2774.929956,98968.12451,6306.263207,1738619.554,0.14352249,0.006272497,3.83E-06,0.037390687,107.6660156,1.3852143,759.5216,0.00181078,6.944723,0.000236471,3.0684805
b,0.31187296,0.090843804,0.17022532,0.003780473,1642.677658,488937.5608,1840.92776,144263.7665,3359.863936,1774019.406,0.066876585,0.002310406,-1.04E-05,0.021743488,99.38401442,1.2290522,1806.1443,-0.002876967,8.552461,0.002170058,3.2281568
b,0.2922267,0.09007901,0.12827161,0.002659951,1068.255983,65631.19497,1358.566576,50941.24013,2056.296092,312601.6676,0.048607757,0.000278057,-5.28E-06,0.014516919,117.4538352,-3.5314553,3243.974,0.00265376,2.780381,-0.000888161,0.97552717
b,0.31492722,0.0871486,0.10690946,0.003666576,1691.244752,208681.4634,1512.536064,87980.98486,3012.302185,778449.2094,0.109248573,0.001600215,4.41E-06,0.011149426,123.046875,-10.560979,2827.791,0.003449735,3.7939126,0.001654452,1.1498305
b,0.3052589,0.08821074,0.19517839,0.004151912,1723.621998,261564.5472,2043.97042,99591.86208,3681.592414,1099963.287,0.065391552,0.00186408,3.88E-06,0.03112959,92.28515625,-1.62771,1317.7086,0.027348774,5.3987317,-0.003417783,1.6761931
b,0.27233535,0.0884718,0.21318623,0.008494798,1810.308253,223185.5351,2061.755348,75017.97646,3920.976696,845519.3835,0.074067138,0.001273552,-2.51E-06,0.041290578,92.28515625,-2.7806556,1246.363,-0.003262008,4.0730267,0.001150348,1.6329426
b,0.29409447,0.09479295,0.15449055,0.00472164,2403.334555,475577.4873,2488.10983,60368.03072,5334.096251,1015682.251,0.097300384,0.004054373,5.35E-06,0.02210625,103.359375,-0.16065262,1264.0614,0.000347872,5.18268,0.001752715,1.9646349
b,0.2657953,0.090404384,0.17565596,0.004841536,2496.255142,497785.3855,2496.584167,70668.86141,5501.85782,1162498.288,0.10258458,0.004091398,-2.33E-05,0.027538206,103.359375,-1.053952,1118.8054,0.010788053,4.4235234,-0.000238118,1.7362833
b,0.27942944,0.08339085,0.12631568,0.002741203,2009.761885,379090.2196,1880.832246,94668.01902,3674.911112,1113096.709,0.123004547,0.004332592,-4.69E-06,0.013951538,129.1992188,-6.7607155,1668.2937,0.005643936,4.332451,0.001744961,1.7872192
b,0.25627187,0.089567885,0.1825245,0.009169579,2526.473063,272307.245,2337.831331,55068.53651,5221.965633,947740.2839,0.134403316,0.003185869,1.60E-07,0.03648192,103.359375,0.018357703,1134.5223,-0.001854524,4.9938083,-0.000337337,2.0119302
b,0.27251533,0.09024168,0.10916155,0.002345047,1737.387174,544854.7235,2012.7616,257723.5958,3527.553967,3078656.894,0.086607821,0.004474941,-1.29E-06,0.010179936,129.1992188,-5.530844,2446.9849,0.002407847,5.5379567,-0.001719884,2.012342
b,0.30591765,0.093800806,0.219266,0.005459087,2153.42064,601872.9707,2361.645128,119852.7689,4628.148798,2606650.516,0.088472605,0.002972332,1.48E-05,0.03701346,143.5546875,0.844292,1258.1892,0.000315354,7.377999,0.001183408,3.4175348
b,0.33453152,0.08453713,0.26456758,0.004057892,2346.008774,219322.6961,2083.705842,74982.54277,4460.64629,805403.7318,0.131114436,0.001612318,1.88E-06,0.041468702,112.3471467,0.48693684,804.0914,0.010634217,2.8511944,0.00334105,1.2083563
b,0.3274721,0.08525002,0.2496783,0.003294968,2234.678329,181965.6903,2008.453498,59821.61934,4219.756844,681422.9444,0.127288518,0.001328741,-5.37E-06,0.03616217,117.4538352,0.65621525,841.81085,6.51E-05,3.962493,0.00128023,1.914899
b,0.35859498,0.081821874,0.24964876,0.002441197,2284.326656,133164.2062,2039.67711,37492.36344,4273.259168,412767.2356,0.134365265,0.001264003,-1.24E-06,0.03742505,135.9991776,1.2730943,788.2416,-0.001164268,2.6603951,0.00401721,1.1971042
b,0.29993683,0.092991464,0.10708394,0.001537652,1481.163276,91407.36395,1765.578608,58467.93228,3066.168373,499066.8016,0.062380005,0.000448075,2.68E-06,0.008868896,135.9991776,-5.339672,2316.9001,0.004837581,3.7073667,0.001339272,1.9117141
b,0.30646327,0.09056842,0.093829125,0.002100396,1723.551352,101262.9415,1820.128655,55535.29682,3459.282457,424547.1068,0.083643635,0.000566695,-4.16E-07,0.006470979,92.28515625,-6.2815537,2253.5417,-0.001371368,3.596747,-0.000413397,1.9971541
b,0.31397048,0.0902553,0.06909244,0.000759578,1709.433498,211653.6733,1867.304435,95032.4638,3536.487477,891882.4982,0.08279801,0.001170278,4.06E-07,0.003109488,129.1992188,-6.12846,2676.6873,-0.003620499,4.012504,0.000634401,2.206593
b,0.28263062,0.0906323,0.18257192,0.003554794,1317.13457,342567.8839,1756.693228,261537.5443,2514.779922,2308636.167,0.056812476,0.001233814,2.66E-06,0.023381134,123.046875,0.015459575,2440.2356,0.001350052,13.153727,0.000463859,6.473117
b,0.27990875,0.085680544,0.07845848,0.002806817,1995.314435,720144.924,2074.263604,192271.2878,3789.810925,3054999.614,0.111930289,0.005851048,4.67E-07,0.005790677,99.38401442,-7.0361133,2907.7798,0.00532644,7.8720922,0.001241392,3.025336
b,0.33321717,0.09294287,0.17920494,0.003271432,1413.324941,287121.2318,1788.130767,153254.6155,2620.884152,1576859.408,0.061848077,0.001424177,-1.16E-05,0.021548035,123.046875,-0.1498248,2022.469,-0.015214426,8.118203,-0.000199958,3.96408
b,0.42148364,0.09316761,0.14206417,0.003878462,3249.40422,916168.7384,3122.489847,62504.59849,7368.051099,1016643.219,0.151662912,0.010283738,-1.31E-05,0.009647325,117.4538352,0.50522214,1382.6577,0.0062228,19.388279,0.000690619,9.216759
b,0.3183227,0.09115472,0.4156939,0.008432665,2741.492644,460688.5428,2432.911572,98456.55121,5697.885082,1455843.698,0.146944377,0.003321755,0.00011718,0.0782628,123.046875,4.590602,786.5416,0.007822099,7.3703675,-0.001407033,3.1922867
b,0.22344327,0.090794526,0.12376727,0.003435184,2164.729029,456331.227,2442.383085,126847.0592,4935.736821,2094827.479,0.081724751,0.001896266,0.00014527,0.011541932,161.4990234,0.41294867,2376.917,0.004849488,11.967427,-0.000317485,5.252257
b,0.22354004,0.08892532,0.16968343,0.003135247,2160.574356,449972.4746,2297.687879,176766.6411,4512.972711,2536642.036,0.10437692,0.00197893,-9.44E-05,0.025018858,112.3471467,0.23751882,1574.9283,-0.001145374,6.5840807,-0.002011513,4.0040145
b,0.2681053,0.09481066,0.31108233,0.010032562,1932.104201,467001.7079,2327.420975,218198.0749,4299.550424,3024756.854,0.083952741,0.002124935,-5.22E-06,0.08019764,172.265625,3.3011773,1077.6858,0.004468333,7.9313335,0.000134731,4.0038214
b,0.27370363,0.09086307,0.2100977,0.00435686,1884.099602,403111.4203,2290.037348,209018.5648,4017.767231,2791361.307,0.072717793,0.000916343,-9.57E-06,0.030209258,89.10290948,-2.0676107,1537.2737,-0.005685264,12.314938,0.004812301,5.379619
b,0.2482797,0.092024274,0.31557068,0.006762212,2143.228755,274240.0614,2311.573608,102174.2795,4854.004748,1201366.658,0.09608926,0.001841088,5.68E-06,0.08595334,151.9990809,2.3392637,859.2943,-0.006811816,4.641538,0.001032105,1.8866596
b,0.19652368,0.08219444,0.1326619,0.005541442,1307.655592,283382.7432,1440.255222,187076.5314,2380.096506,1504637.544,0.0620387,0.001162872,5.76E-05,0.018815637,161.4990234,-8.029816,3744.0127,0.016629202,11.554952,-0.005131612,3.947971
b,0.20746651,0.08664997,0.14305401,0.004635962,2125.276624,411778.2166,2423.910798,125812.2174,4876.799159,2098792.086,0.07968135,0.001412464,4.56E-07,0.01593105,161.4990234,1.1376935,2159.6182,-0.001740556,11.119412,0.001378681,4.9710255
b,0.20746653,0.08664997,0.14305401,0.004635961,2125.27595,411777.8352,2423.910655,125812.1729,4876.832236,2098807.073,0.07968435,0.001412541,4.55E-07,0.015931055,161.4990234,1.1376926,2159.6182,-0.001740562,11.119407,0.001378639,4.971032
b,0.35399157,0.09100636,0.37911725,0.0098082,2439.580984,635101.8582,2510.33905,186906.9546,5340.914792,3185616.645,0.108607182,0.003028708,-8.07E-06,0.082026884,92.28515625,6.1284966,672.49725,0.003769781,7.429895,0.001658727,3.162854
b,0.2265208,0.08806566,0.16738269,0.001439388,2218.361445,494371.2748,2263.034312,172361.8497,4666.95568,2142801.983,0.12602939,0.003373822,-0.001018105,0.02160528,161.4990234,-0.010402693,1425.5704,-0.001530889,8.752651,-0.00069999,3.581407
b,0.30220285,0.08910492,0.16466834,0.001876247,2487.551727,421558.1394,2502.108214,172009.0614,5277.751419,2405937.077,0.125507556,0.00169322,-1.09E-05,0.021323895,99.38401442,0.15644638,1030.7158,-0.006900048,6.057647,-0.000697465,3.2197707
b,0.3048776,0.08337227,0.38097373,0.004635264,2324.332753,413403.4952,2477.499105,181054.1145,5075.324746,2591982.264,0.110864202,0.002281995,-6.20E-05,0.10588786,143.5546875,5.537693,688.39764,-0.004841149,4.055015,-0.000657909,1.5598173
b,0.3239636,0.086298764,0.41305482,0.004896081,2458.764091,255639.1704,2442.110687,70872.933,5180.553197,1073204.85,0.123886284,0.002573181,-4.22E-05,0.12237168,143.5546875,5.679124,637.3738,0.004271181,2.8667228,-0.003747012,1.0252205
b,0.28493044,0.09884032,0.17943127,0.01034036,1378.502074,289732.8556,1365.895031,58830.15972,2733.160977,836526.5921,0.072132764,0.00302215,3.83E-06,0.030425249,151.9990809,-8.645696,3027.5234,0.018143324,8.023969,0.002883497,3.4611547
b,0.21594395,0.09393121,0.23265299,0.012490899,1531.058856,102578.3398,1400.65052,29075.12661,3003.981144,323296.7624,0.084109354,0.001260772,-1.04E-05,0.05127758,117.4538352,-9.286535,2325.682,-0.004832183,6.3274007,0.002422994,2.1022146
b,0.203666,0.08624864,0.15077859,0.001204193,1754.116562,215175.6573,1880.30168,90067.30157,3291.129777,850128.115,0.092390354,0.001732525,4.32E-06,0.020039916,107.6660156,-2.154963,1914.2126,-0.00066184,2.7957973,-0.000422944,0.9762428
b,0.30233043,0.09256637,0.250389,0.005538948,2331.041602,401458.6743,2505.76541,66608.39987,5210.968798,1163094.24,0.089183178,0.002594435,-7.39E-05,0.044244654,107.6660156,5.1438866,780.3952,0.000651279,6.2535877,-8.78E-05,2.9061353
b,0.30919307,0.085385844,0.24949639,0.003351446,1624.200757,241332.7807,1686.617292,123685.2328,3377.405179,1264001.073,0.089421848,0.001743637,-2.81E-05,0.046050485,143.5546875,2.5309064,1883.3721,0.002497401,4.0388703,0.000931926,1.592169
b,0.3280705,0.08820537,0.2680786,0.002560131,1635.544365,116260.6074,1643.023442,62655.9697,3261.591998,653834.3244,0.087889139,0.000864522,-5.87E-05,0.05248776,143.5546875,2.3220677,1715.1777,-0.00334369,2.9662695,0.001520785,1.1121094
b,0.16906138,0.0857128,0.1651692,0.00767123,1463.724029,132209.4781,1131.21211,148435.7834,2393.885011,511487.6571,0.087474194,0.000540164,1.99E-06,0.03271752,117.4538352,-14.4546585,4062.549,-0.006309105,2.6145253,0.001454688,0.69058615
b,0.25029007,0.09254593,0.2263281,0.007362559,2255.164248,369593.3184,2435.619366,121190.2468,4925.947445,1928209.792,0.101716891,0.002521753,-2.14E-05,0.041795243,151.9990809,0.23143367,1073.8541,-0.006039615,8.543549,-0.002525612,3.68276
b,0.24224569,0.09400292,0.15991977,0.005079441,2120.792722,715978.5881,2099.454043,365201.4066,4157.76623,3960226.053,0.110168739,0.003454284,5.89E-07,0.025121445,161.4990234,-8.781991,1993.3606,-0.000179278,9.755462,0.004495057,4.7662854
b,0.26823035,0.08919912,0.079992086,0.001097733,2180.24386,233291.0943,2411.570804,93065.97741,4769.84375,1507464.521,0.091981337,0.001351611,3.15E-06,0.005564238,112.3471467,-5.9235272,2155.3333,-0.005963656,9.132322,-0.000799961,3.7107117
b,0.22802979,0.088498466,0.27187517,0.008855272,1079.632622,28912.90413,898.1195421,14578.46641,1866.797371,124446.03,0.07137988,0.000272061,3.91E-06,0.052382946,123.046875,-5.052692,3402.188,-0.000701578,6.4705315,0.000172828,2.0699012
b,0.19613491,0.08070666,0.1164336,0.000445966,2219.286317,102891.3877,2412.83474,52258.19747,4816.08651,700914.5764,0.091469483,0.000505139,4.22E-06,0.011667731,123.046875,-4.881978,1409.7734,-0.001374257,5.9105964,-0.002200963,3.2569985
b,0.31443885,0.08665688,0.16922936,0.002066623,4974.003734,572079.2881,3264.627512,42803.94932,8488.219273,109453.8791,0.310013533,0.011361562,1.71E-05,0.016486324,89.10290948,3.013728,1209.0488,0.007952467,6.3967185,0.00101432,2.8341115
b,0.22570224,0.08630639,0.18250757,0.004325771,2315.479176,623851.0185,2556.932931,252303.1431,5175.677037,4139669.813,0.098916257,0.002105086,8.98E-06,0.024726583,95.703125,1.3390894,1518.081,0.001809498,10.887511,-0.002179879,4.293954
b,0.28201666,0.09449144,0.19017342,0.003645931,2589.127091,858266.0547,2492.526169,303610.1276,5317.654991,3896898.023,0.121131856,0.003866538,-9.38E-07,0.026762107,99.38401442,-5.600643,1306.1387,0.00319138,11.3205,0.002933265,3.657425
b,0.29868507,0.093893506,0.18669625,0.003289305,2527.449088,722557.6051,2426.131507,291374.009,5178.153822,3293038.711,0.122476837,0.003478068,-3.67E-06,0.021970365,99.38401442,-5.8739753,1219.5573,-0.013404548,12.172257,0.002090612,3.7712507
b,0.21685638,0.08828754,0.19875619,0.004387611,2211.972305,425385.3179,2329.069173,166632.4096,4650.051887,2425640.489,0.10620247,0.00193142,2.78E-05,0.03525757,112.3471467,0.98426753,1373.4536,0.003473318,6.1105,0.001020822,3.7576995
b,0.3235715,0.09317107,0.2602046,0.006867082,2692.841036,681668.9285,2492.091562,163275.7618,5590.417499,2625289.105,0.135929412,0.004094501,3.48E-05,0.039570462,92.28515625,2.4974067,719.8772,0.001003631,9.2605,-0.001373293,3.8561022
b,0.24869633,0.092588075,0.07397998,0.000615232,2258.75323,733339.4259,2317.913224,451293.7719,4627.019322,4560829.544,0.112613845,0.003236721,3.95E-05,0.003857079,172.265625,-6.294057,2831.3135,0.004749501,9.624582,-0.002180239,4.173026
b,0.26752687,0.09074595,0.2734255,0.008568862,2025.176484,455595.2187,2303.583827,215713.5934,4425.304782,3056995.878,0.085815992,0.001580847,5.03E-05,0.05563462,161.4990234,2.570489,1096.9238,0.001109748,10.156524,-0.001243939,3.7012868
b,0.2733238,0.09449546,0.037955426,0.000737011,1750.2736,936481.1517,1976.08879,359129.8462,3461.87331,4245821.341,0.07854514,0.004546752,-6.34E-06,0.001533216,129.1992188,-16.065998,8226.911,0.005022542,20.358898,0.000638078,7.5062523
b,0.33676726,0.10063156,0.12274404,0.004934221,1773.039187,750847.5685,2093.489628,253120.7883,3574.387965,3434095.077,0.063274515,0.003393248,7.11E-06,0.014240876,99.38401442,-3.4864523,3426.1138,0.000922802,21.50718,0.001080832,8.988023
b,0.31486654,0.0988876,0.20066665,0.017908072,1893.17199,1615531.707,2055.48538,494246.3038,3630.424595,5408155.869,0.099572353,0.016317641,-1.31E-05,0.026139757,161.4990234,-4.1922708,3129.401,0.001595757,11.697626,1.53E-05,5.0403934
b,0.263767,0.090080336,0.07676427,0.001857998,1609.85715,796548.8597,1690.710744,346008.0066,3079.721125,2896259.331,0.076163367,0.004251327,8.11E-06,0.005304779,112.3471467,-11.846997,3941.3694,0.008026619,9.512817,-0.00025424,3.0987027
b,0.31406245,0.09604856,0.16161348,0.002062904,1678.065945,523829.4199,1947.458806,341509.4132,3571.706627,3093002.851,0.065082091,0.001370109,2.89E-05,0.022736385,95.703125,-0.5587336,2316.8977,0.007954097,11.433625,0.001726376,3.9876041
b,0.29548535,0.0840065,0.15665948,0.003224767,1222.080474,365234.8622,1686.80189,537009.506,2493.073629,2926380.466,0.049945091,0.000808498,-3.00E-05,0.021506768,117.4538352,-2.748317,3075.9365,0.02192435,7.631057,-0.00471778,2.28395
b,0.33617812,0.0896919,0.09555949,0.002546492,1479.62141,281996.3685,2033.753043,184216.1158,3300.92294,1587095.654,0.04612967,0.000887107,-8.13E-06,0.009009983,95.703125,-4.4008355,3632.4463,0.01025495,7.240749,0.001415649,2.3378499
b,0.25608984,0.101862825,0.1697072,0.005698767,1439.97383,1379703.196,1997.250827,449476.7466,2713.64051,5746662.041,0.053801737,0.011123205,-2.95E-06,0.028541267,73.828125,-9.0737705,4562.3706,0.012507946,13.562336,0.000823066,4.4860425
b,0.25552645,0.08962243,0.11776691,0.011420105,1558.908447,704145.5804,1811.592934,576256.6391,3240.838454,4092933.603,0.068716167,0.00232721,1.09E-05,0.016394641,95.703125,-10.861086,4122.1377,0.021904152,9.005114,-0.001970203,2.751594
b,0.347582,0.09576872,0.14434446,0.011267955,2467.93444,1472408.471,2578.371777,356476.7919,5302.024463,6671710.995,0.10765071,0.00861404,-1.09E-05,0.010921111,151.9990809,-2.0806355,2488.4143,0.002336311,10.535293,0.000481743,3.7423263
b,0.26476872,0.0952715,0.12489812,0.009831425,1750.429539,752832.5669,1963.084916,226435.563,3328.274477,3175626.979,0.075541665,0.004012517,-6.37E-06,0.019986216,143.5546875,-12.894438,3590.5017,0.004723047,10.597399,0.004972259,2.8536463
b,0.2788392,0.08621064,0.21001224,0.003684371,1844.64096,269367.2963,2056.791457,196605.2205,3943.27401,1516711.513,0.082113191,0.001022641,3.28E-06,0.038950782,103.359375,-4.278211,1546.1096,0.009498077,4.9338098,0.005660066,1.596848
b,0.2703018,0.0901925,0.17948791,0.001808897,1456.172152,388838.0695,1733.063784,238144.5471,2966.794175,1609910.033,0.058677518,0.001197009,-2.69E-05,0.027077844,99.38401442,-5.2119484,2370.3728,0.004667762,8.786787,-0.005789554,3.039511
b,0.3145472,0.09351008,0.20492941,0.002879172,1673.420546,798363.5855,1781.487305,297242.6727,3222.313468,2864474.646,0.079368946,0.004458337,1.66E-05,0.030969232,103.359375,-3.0213335,2131.64,0.001221857,14.872265,0.000529834,4.736436
b,0.2230931,0.08351696,0.14946102,0.003120713,714.7303777,155352.7738,728.5554422,115252.4936,1223.789939,685760.5477,0.041712634,0.000659985,3.09E-05,0.023089416,135.9991776,-9.038462,5239.2153,0.014426672,4.8911805,-0.000129886,1.3654236
b,0.31515816,0.090991266,0.28656286,0.009757389,1842.767106,1004195.95,2236.675341,107584.794,4106.089309,2443017.917,0.069229805,0.010811118,-1.18E-05,0.06718758,172.265625,2.227089,1633.4181,0.019705165,8.964244,0.003554138,2.6562657
b,0.27035874,0.09168867,0.08321403,0.00088537,1451.407095,80053.36402,1358.429771,25795.50725,2787.600773,287217.1329,0.072406618,0.000476709,2.39E-07,0.007117453,129.1992188,-14.299255,3705.3623,0.012193482,2.2033987,0.005121044,0.75859696
b,0.22736979,0.088046834,0.1705131,0.002257175,1566.789427,401892.7175,2277.064824,321271.0373,3291.502734,4603064.199,0.050630523,0.000478084,3.53E-05,0.024611855,123.046875,-5.1783333,2817.2185,0.008391195,7.203498,0.00204638,2.3272688
b,0.35484564,0.09681465,0.10233552,0.002433863,1052.234284,505955.4929,1708.984683,410219.7654,2137.674836,3240697.032,0.027254494,0.000939352,-8.55E-06,0.009030006,92.28515625,-0.85241187,6210.884,0.004257577,15.816612,-0.000420861,9.50756
b,0.24749215,0.095401146,0.11052716,0.002196256,1261.158589,1437960.139,1539.039209,304423.1314,2268.199381,3524077.106,0.063085124,0.014144134,-3.92E-05,0.012538258,135.9991776,-7.0051994,4884.9956,0.018650156,8.752366,-0.001727344,3.6030931
b,0.26606447,0.088468,0.10771252,0.001900379,902.9834758,107430.6528,1346.9862,207886.4291,1806.378386,931749.4457,0.03010132,8.40E-05,2.26E-06,0.011597333,117.4538352,-8.795883,4843.6064,-0.001012685,6.2878823,0.001136889,2.4399323
b,0.2748079,0.08833372,0.22689447,0.002484149,1704.723463,117510.3019,1971.676115,77372.37631,3895.846363,679222.844,0.074803862,0.00036198,4.42E-05,0.037476063,151.9990809,1.4950968,1460.0006,-0.000615231,5.0561557,0.000518957,2.6185544
b,0.30765215,0.091599815,0.1580586,0.005037813,1272.639803,483766.6714,1991.35002,308793.866,2359.429694,3385155.347,0.04254751,0.001802856,4.96E-07,0.022666141,112.3471467,-4.279234,3657.5417,0.001424479,9.891946,0.00051306,2.936042
b,0.3087275,0.09599836,0.1478349,0.003994305,1108.825418,704681.6874,1587.505833,317948.5663,2158.152955,2808628.728,0.041569135,0.004126589,7.28E-06,0.017575901,117.4538352,0.16785328,3769.8984,0.023979176,11.085881,-0.00387937,3.7842581
b,0.27337334,0.10510504,0.067312606,0.00146076,1961.731906,1354941.118,2160.474114,451617.6634,4186.822782,5767177.136,0.088799475,0.010507305,-4.15E-05,0.004443706,151.9990809,-12.947387,5975.8804,0.019194866,13.346804,-0.003537038,4.4104633
b,0.32842,0.096741565,0.06637016,0.002192898,1361.377275,732263.7771,1808.397576,473585.7551,2909.516216,4071626.213,0.047601915,0.001486454,-3.80E-06,0.005347671,143.5546875,-6.7745767,5788.703,0.001391367,8.548028,0.000503587,2.2447717
b,0.25571522,0.08746727,0.101214565,0.005291361,1036.017398,316920.546,1529.774267,340724.4884,1917.782354,2289805.61,0.040019621,0.000639235,-6.74E-06,0.010582435,107.6660156,-4.759141,4579.8574,0.005062482,5.648861,0.000250236,1.9154862
b,0.25461486,0.091144435,0.1120315,0.00296921,1238.56043,352081.7298,1524.71566,193030.1943,2392.09376,1383829.907,0.047851189,0.001023638,-1.15E-05,0.011333647,112.3471467,-9.06222,3745.57,0.005682697,9.086573,0.003381625,2.8115819
b,0.32440537,0.086467616,0.13696602,0.003662915,2082.767363,492413.5651,2372.587844,215498.1369,4383.6728,3312024.904,0.097513412,0.002688677,3.82E-06,0.013534157,135.9991776,-3.1696873,1857.1265,-0.001743916,9.801372,-0.000422877,2.949496
b,0.2981082,0.08960376,0.124205574,0.002815324,1469.116019,265516.7448,1851.653755,245746.3717,3212.459971,1433737.533,0.056903488,0.000702481,-1.85E-05,0.011978948,123.046875,-3.559741,2892.284,-0.000818749,9.708074,0.000699979,3.084442
b,0.251386,0.086198896,0.14852932,0.005336819,805.1003474,329615.1652,862.4408002,672684.8359,1573.534771,2854955.771,0.043488604,0.000389657,-9.77E-06,0.023801494,103.359375,-9.570621,5577.8525,0.009196744,3.8660808,0.001238687,1.0788553
b,0.30947724,0.088653825,0.21742009,0.006811847,1964.921378,663232.9336,2303.835668,289076.5563,4254.222751,3739631.701,0.087666188,0.003712551,1.05E-06,0.037186798,107.6660156,-2.0906274,1552.2805,0.028494773,14.611283,0.004776593,4.9722986
b,0.31194204,0.091333605,0.044105418,0.000403458,2830.261525,1380480.171,2872.501851,272249.0017,6298.296274,4290266.522,0.12197829,0.007118286,5.01E-06,0.001461527,117.4538352,-11.843368,4744.6353,0.008268404,21.863813,0.001163174,8.20654
b,0.2726835,0.09033885,0.0937383,0.002677784,2228.160254,651448.6145,2380.577904,259372.5332,4789.686295,3243236.156,0.099934028,0.004426657,-1.99E-06,0.008345697,129.1992188,-5.457236,3068.1538,0.008216561,5.90492,0.001575594,1.7732975
b,0.22121452,0.09216064,0.060901906,0.001136364,1372.280468,848748.2983,1769.828106,826806.3551,2873.567995,7080354.073,0.055725235,0.001880436,-2.79E-06,0.003791846,143.5546875,-15.682027,7182.687,-0.002754387,12.530846,0.001931444,2.9495454
b,0.38743302,0.08594111,0.12909234,0.005181232,1996.329188,253392.6211,2097.039296,96076.68023,4227.868737,1270933.259,0.090220251,0.001637012,1.79E-05,0.012361938,123.046875,-0.27279857,1887.1691,-0.00374698,4.3514633,-0.00038445,1.3597022
b,0.36540443,0.092093,0.1803724,0.004919634,1529.290808,226835.071,1845.37044,118117.5293,3271.448122,1361527.233,0.054959774,0.00085057,1.56E-06,0.024932494,151.9990809,2.7190893,1984.707,-0.011357539,4.5416245,0.000133788,1.527923
b,0.43678045,0.086584084,0.14856811,0.006552775,1875.180216,469233.6657,1983.770691,168373.7732,3929.49315,2040711.424,0.076804413,0.002258521,8.06E-06,0.010543614,107.6660156,2.2789812,2170.398,-0.001594124,19.991756,0.000255237,5.7367153
b,0.3801126,0.0983729,0.15122105,0.00398432,1421.355041,428174.6869,1902.32179,172098.8055,3042.701555,2532761.449,0.043098656,0.000938756,4.49E-05,0.015294029,95.703125,3.5340953,2624.4631,0.004355571,11.398923,-0.001311417,3.7132215
b,0.37182298,0.08869458,0.20865633,0.001821976,1345.841383,476337.6455,1841.826395,166537.424,2939.157324,2551452.044,0.041079445,0.001326454,6.87E-06,0.031458493,103.359375,3.8240035,2251.265,-0.000547043,7.3628025,-0.000134295,2.3924358
b,0.37675795,0.081911206,0.20371321,0.003095873,1542.109295,112771.9406,1591.627569,127523.0455,2869.786436,639455.8443,0.077021175,0.000319002,5.80E-06,0.027477916,99.38401442,1.8747671,1849.9976,0.001304545,4.0683517,-7.85E-05,1.4045333
b,0.34448424,0.088035464,0.18003525,0.003581399,1676.146048,209843.5694,1653.527808,80587.52826,3255.327364,731885.8245,0.087305292,0.001324388,1.86E-05,0.02368593,112.3471467,-0.9979552,1976.7632,0.01054483,7.030285,-0.001513243,2.0354254
b,0.3591255,0.08772954,0.1570209,0.003636854,1282.197334,299724.6608,1729.365793,172002.7426,2675.912667,1623590.754,0.047179751,0.001039513,2.54E-07,0.017116548,89.10290948,1.3361077,2500.2625,-0.000833139,5.8938293,0.001499669,1.6961671
b,0.42793378,0.07712987,0.21626079,0.001451071,2850.236431,406562.6558,2621.690044,116903.7614,5897.606075,1702671.869,0.147047489,0.002449327,-7.55E-05,0.026801882,135.9991776,5.7627177,423.55038,-0.001785333,4.351906,0.000164441,2.4461768
b,0.37620473,0.092475414,0.1281802,0.003795861,1181.326607,275338.3168,1607.701361,259362.3834,2367.34503,2083130.78,0.04253296,0.000389051,-7.56E-07,0.013697725,151.9990809,0.17469628,3227.9592,-0.000250251,12.391565,-0.001092847,4.904186
b,0.39827147,0.08778343,0.15342064,0.002692147,1857.972599,379959.1713,2182.350232,106105.5555,4191.671972,1648787.629,0.071708237,0.001792337,7.62E-07,0.011402281,161.4990234,0.7749832,1720.7662,-0.000491824,7.1301737,-0.000801317,2.923971
b,0.34330356,0.08884028,0.1233552,0.000945439,1537.468449,491539.223,2037.176946,173045.4652,3416.651524,2377117.451,0.054330258,0.001607707,-9.25E-07,0.010690525,117.4538352,1.0302575,2663.349,0.000314611,7.873586,0.000585969,2.8488321
b,0.33894858,0.09835816,0.07587266,0.001304573,1863.764472,812510.1144,2067.37218,208396.9728,3986.232225,2731982.456,0.068224937,0.003194016,-7.32E-06,0.002384797,112.3471467,-3.2850158,3286.5002,0.004120369,19.1747,0.002201722,6.434756
b,0.44025162,0.09267544,0.13366963,0.001955305,1597.518016,704726.779,2238.099095,276442.512,3826.665028,4554303.289,0.046109913,0.001479585,-2.03E-05,0.010176725,123.046875,2.627441,3515.76,-0.006688188,9.4249525,0.000525873,3.9465284
b,0.38081726,0.100258,0.053596962,0.001129706,1937.002368,918601.7954,2008.283665,183812.9791,3985.82421,2689572.402,0.083579173,0.005583385,-6.03E-06,0.001854074,117.4538352,-5.448743,4812.662,0.003705057,19.201937,-0.001333966,7.3196497
b,0.34380922,0.09238893,0.082274765,0.003098614,2335.519931,1047256.593,2098.886433,186228.2759,4500.064745,2909157.011,0.114160005,0.006500616,-7.32E-06,0.004551255,135.9991776,-4.908869,2482.0518,0.001911409,13.112914,0.001738395,5.6064706
b,0.46147576,0.07914815,0.18441163,0.001024213,2459.520892,129305.1755,2221.373053,43569.25778,5024.347448,642143.1865,0.142833406,0.001160136,-3.00E-05,0.014262029,143.5546875,4.44161,933.9071,-0.005544195,1.9730358,0.001216551,0.815737
b,0.41892445,0.0767066,0.16600236,0.001208302,2312.066158,158624.8213,2060.944513,69999.23801,4528.392648,812959.2884,0.140547585,0.001161096,-4.33E-05,0.01421909,123.046875,2.5845094,1146.5612,0.000995679,3.2765496,0.00181604,1.300644
b,0.4804928,0.07871578,0.14066513,0.002179144,2209.182003,279551.7378,2142.847846,98776.3722,4593.891556,1262346.039,0.115780057,0.002506885,-3.11E-05,0.008231059,117.4538352,3.3123243,1273.287,-0.001627759,4.821477,-0.000270341,1.6681304
b,0.4358935,0.07695942,0.11220418,0.001459902,2321.14976,163419.9778,2118.769457,63337.00399,4701.357728,778530.1815,0.128190633,0.001880462,-0.000184681,0.006379148,123.046875,-1.2615279,1407.1779,0.004661764,4.2519813,0.000918433,1.5005486
b,0.39801338,0.080649585,0.15243913,0.002037439,2188.057531,319669.5235,2120.196512,88581.08201,4431.917903,1389786.893,0.117533035,0.002577967,-7.58E-05,0.011763808,99.38401442,0.6449564,1290.1263,-0.00278897,3.9579713,-0.002094385,1.6769109
b,0.3929219,0.07989615,0.16144805,0.002540486,2158.159486,249351.9117,2060.651235,61847.45415,4245.813073,924481.4925,0.121568436,0.002878101,-6.33E-05,0.012854741,129.1992188,0.3297378,1250.4045,-0.000619837,3.4533038,0.000508094,1.3941103
b,0.41583455,0.07889999,0.1737927,0.002264349,2342.446272,256753.7879,2113.056606,71786.9739,4595.440348,1022631.643,0.138443029,0.002218966,-0.000122324,0.012301611,99.38401442,-0.089430705,1109.5916,-0.005116031,4.089739,0.005173787,1.7648436
b,0.29427958,0.08255681,0.13569559,0.001673104,2294.727925,394330.8926,2206.963201,120162.6214,4847.935057,1676202.042,0.115567071,0.002368107,-0.000171872,0.013435858,151.9990809,-0.38611507,1489.7466,-0.000261884,2.7031772,-1.15E-05,0.9711888
b,0.40513226,0.075897746,0.15654169,0.001613346,2320.395081,118499.238,2044.918364,45874.13938,4466.440973,482877.9212,0.143430446,0.002008806,-0.000165281,0.013863303,151.9990809,-0.6822261,1156.1108,0.004566661,2.7864954,0.003956449,1.0280222
b,0.41512856,0.079821214,0.1491075,0.001539934,2510.073142,144290.2611,2115.277506,54353.01265,4735.123056,703645.2678,0.157828134,0.001922786,-8.22E-05,0.010921229,103.359375,1.2481016,1082.7495,0.010084371,2.0376866,-0.00167508,0.77228564
b,0.38332304,0.08043397,0.15266521,0.001178072,2263.203109,231109.975,2150.226329,57601.34651,4603.001117,934485.9183,0.122906017,0.0021533,-4.55E-05,0.013161714,112.3471467,2.6618986,1188.2874,0.004005724,3.1661434,-0.002965163,1.0816084
b,0.40252107,0.088679746,0.07916758,0.000248225,2669.359335,459574.8294,2440.463781,84924.46983,5445.86707,1368321.265,0.133422096,0.004557296,0.000635153,0.004010371,151.9990809,-0.77434844,1377.193,-0.004628423,4.6862116,-0.000701885,1.6350728
b,0.44281673,0.0797024,0.13878995,0.000880197,2046.85783,353716.2924,2070.164481,184833.2629,4095.472013,1612013.782,0.1019711,0.00135089,-0.002081275,0.011357212,135.9991776,2.0077436,1408.4736,0.002946652,7.538538,-0.002633797,3.5116646
b,0.44263646,0.07272733,0.14428338,0.001475054,2559.166385,237199.7712,2731.013321,93885.31218,5447.017746,1851536.772,0.122759495,0.001383633,3.28E-07,0.012441202,143.5546875,2.0657299,675.3517,-0.003318277,3.0865693,-0.000278243,1.0463065
b,0.39021087,0.085134424,0.096469395,0.000497866,2944.617226,723938.0408,2831.30061,108819.107,6333.584517,1186604.359,0.114917162,0.003677913,-7.98E-06,0.00560601,117.4538352,0.066807345,1518.5479,-0.003288508,7.501325,0.000592401,3.439952
b,0.3692198,0.087509915,0.12614734,0.003083037,2639.10391,606951.6799,2512.686899,237348.9294,5302.996755,2600158.423,0.132445439,0.003145668,-0.001713381,0.007359526,117.4538352,-2.148541,1157.2833,-0.004053863,12.98722,0.000863833,5.472265
b,0.38331518,0.0870288,0.22182517,0.0024336,2344.525924,274368.6513,2374.883722,99938.0842,4728.642094,1176876.35,0.115897096,0.001666999,0.000152937,0.027343981,92.28515625,4.576772,621.372,0.001753775,4.730528,-0.001315375,1.4901366
b,0.32347274,0.087020785,0.12787735,0.001389146,1674.134044,239963.906,1948.294444,199873.2621,3431.789715,1547797.276,0.074873946,0.000705523,-0.000126628,0.012377675,117.4538352,-0.20071256,1856.2384,0.003381565,9.596094,0.002310432,3.9873123
b,0.42131665,0.07875683,0.19099241,0.000778582,2788.369336,281769.0679,2648.338646,82063.71658,5832.197277,1242505.792,0.134925399,0.001510152,0.000167421,0.023535639,135.9991776,4.720907,437.1475,-0.002647232,3.1146657,0.001380128,1.2424823
b,0.40267795,0.09392851,0.26447052,0.008161504,2166.534325,596655.5953,2387.69757,223689.5171,4727.716971,2851233.892,0.083202602,0.002213815,1.05E-05,0.040935688,107.6660156,6.0845413,1087.5388,-0.013638744,13.056319,-0.003536936,5.3691072
b,0.27644372,0.087426364,0.17046544,0.003884655,1488.243314,325004.9774,1606.483582,151770.9974,3068.05013,1322545.475,0.068698551,0.001530305,-1.64E-05,0.026536549,129.1992188,0.03808557,2932.7822,0.007086561,5.1427875,-2.76E-05,1.2405024
b,0.3883344,0.0843883,0.14759775,0.001154019,3065.590763,291210.0788,2067.261862,59169.76628,5178.727189,735852.953,0.230825614,0.004275489,-8.49E-08,0.00973137,129.1992188,-2.6908894,926.5693,-0.001730356,6.3037653,0.000505384,2.642472
b,0.32495424,0.09231674,0.25010964,0.003538352,2729.345499,656277.1249,2704.388067,180456.7895,5874.137999,2651858.752,0.122588404,0.002847127,-2.06E-05,0.03871824,86.1328125,4.725953,702.3127,0.000855421,8.09633,-0.000438139,4.1445274
b,0.3143234,0.09095147,0.20868564,0.004942651,2072.099244,126390.867,2043.891091,48030.25367,4067.512607,495600.6255,0.113649869,0.001056111,1.13E-05,0.027754622,92.28515625,1.3231155,1095.036,0.003886261,7.2108035,0.000784304,2.8760037
b,0.35559818,0.08592801,0.2322025,0.00680217,2147.353077,426337.1241,2390.164042,152363.1084,4710.944797,2161329.689,0.096002358,0.001790926,-1.81E-05,0.026330652,92.28515625,5.615615,987.1044,0.010730752,9.444935,0.002193211,3.4899364
b,0.27360633,0.086707726,0.17027558,0.00197714,1404.79366,269235.7453,1728.407298,189872.2664,2731.251684,1727378.375,0.074100141,0.000940704,1.25E-05,0.016116457,89.10290948,2.8302379,2339.9,-0.002411588,12.672915,0.000375581,6.9351068
b,0.34361818,0.09104161,0.30292138,0.015742771,2137.725972,748119.6885,2308.713913,264447.1513,4482.741598,3314931.678,0.1006449,0.00296936,-2.06E-05,0.031715874,99.38401442,5.1745667,1153.6409,0.001554771,12.23899,-0.001383301,5.7355766
b,0.30368188,0.08707444,0.13190325,0.002549586,2747.461949,372353.1199,2370.70369,279687.0446,5348.770576,2572536.065,0.165484949,0.002251663,-1.88E-06,0.011745754,161.4990234,0.38633868,1205.1302,-0.001140072,10.765972,-0.001010175,3.7173705
b,0.32152954,0.08840646,0.291351,0.007712881,1930.824513,433604.6077,2282.546498,226046.4417,4352.011808,3013631.508,0.078491584,0.001364817,4.67E-05,0.043705195,103.359375,5.758803,1165.0332,0.004425095,10.464509,0.001026351,4.7732205
b,0.35998413,0.08602259,0.15970175,0.002381557,2018.833261,279727.421,2194.570398,136225.7345,4436.908347,1418050.896,0.092832623,0.001801303,-1.24E-05,0.014412571,95.703125,2.5798435,1588.1721,0.009571281,9.117454,-0.001162769,4.101785
b,0.27521446,0.09159005,0.29892132,0.010003033,1736.790647,251428.1413,2035.347171,132585.3599,3564.935024,1494540.704,0.08485487,0.001356425,8.13E-06,0.07017399,112.3471467,6.4627924,1285.1245,0.006842968,5.7984276,1.02E-05,2.641829
b,0.3589306,0.08586965,0.36438447,0.011021931,1830.164944,641232.2448,2104.38339,294903.8295,3840.486348,3473446.598,0.077958252,0.002250752,3.23E-05,0.064257585,99.38401442,7.232634,1220.1353,-0.003991558,14.637701,-0.001743184,7.29042
b,0.32184198,0.091805,0.22374181,0.003734236,1857.065996,430765.1754,2259.755584,263818.0862,4066.525715,3186332.27,0.070787755,0.00124449,-2.86E-05,0.036101054,89.10290948,5.0171847,1475.7323,-0.001427969,11.10623,-0.000315763,4.84962
b,0.3666138,0.09046082,0.3431337,0.014867825,2095.867959,1718198.027,2243.851344,244720.5611,4384.099679,4010713.119,0.099467907,0.019698663,5.23E-07,0.08557252,95.703125,6.6952457,1516.7129,0.027551867,11.9247875,-0.000418263,5.77024
b,0.34322882,0.089596294,0.33303952,0.007007835,1530.476154,260557.3886,1845.743877,182701.1626,3164.219351,1665722.566,0.070879982,0.000852119,-8.30E-06,0.056637075,95.703125,6.0952625,1458.9832,-0.002776652,9.614766,0.000487695,5.272527
b,0.3172839,0.088683315,0.3381929,0.005647387,2260.654045,516084.8106,2427.604043,161668.5919,4914.055713,2234194.197,0.101314083,0.002596609,2.23E-05,0.063474655,89.10290948,6.038987,895.7816,0.000174599,11.902491,-0.000451365,4.3723545
b,0.3168776,0.09379045,0.3759364,0.005397645,2032.853219,381831.2474,2207.672588,199522.6206,4329.540232,2043701.778,0.095531032,0.001649653,-4.77E-05,0.0791837,92.28515625,6.7617254,980.4356,0.004982341,9.526285,0.001192212,4.0169263
b,0.32594997,0.087223716,0.29137582,0.008528151,1827.095769,425007.217,2145.561194,182705.6118,3780.998573,2258447.697,0.072492488,0.001483369,-2.43E-05,0.040297557,95.703125,4.9721923,1199.99,0.000394252,10.023887,0.002100212,4.707602
b,0.30143923,0.1015437,0.25862822,0.007347609,1923.719845,312727.784,1916.809945,164175.491,3719.738862,1544987.062,0.105654253,0.001692274,-4.78E-05,0.044217613,103.359375,1.7755756,1564.3104,-2.12E-05,7.999752,0.001189455,3.6019154
b,0.30925697,0.09163834,0.3088264,0.007234749,1720.69821,231382.1869,1939.269603,126109.733,3602.978646,1176139.621,0.081927178,0.001102283,0.000121084,0.054668855,95.703125,6.9039946,1291.4783,0.00547452,9.686354,0.004107884,4.6418724
b,0.32530513,0.09482618,0.2397776,0.016538735,2041.062756,380251.9967,2306.918804,169014.1098,4503.277036,1942381.003,0.084781141,0.001785914,1.69E-05,0.030696597,117.4538352,2.8299813,1424.8732,-0.001778461,13.614823,-0.002281311,4.9653144
b,0.30061308,0.08715892,0.274513,0.005145065,1546.484544,324809.7431,1878.110361,221208.4166,3141.909504,2053822.569,0.070356821,0.001378315,1.50E-05,0.05733674,95.703125,6.071477,1668.4922,0.000675252,10.751552,0.001768409,4.168583
b,0.32893285,0.08930236,0.29889578,0.008657666,1962.001969,965098.8025,2220.451536,328972.8458,4037.879132,4603033.498,0.086500451,0.003510511,-0.000216653,0.05895849,95.703125,5.9778743,1434.9854,0.000276926,15.563258,-0.001848899,7.724395
b,0.42625237,0.08993693,0.3464171,0.01243114,2005.5563,747114.7126,2250.0016,303522.6421,4390.600586,4098880.535,0.077376524,0.002525957,-0.000220987,0.042607505,112.3471467,6.4652257,1081.4932,0.002907436,13.892009,-0.000660297,5.621149
b,0.41929498,0.08748202,0.26486582,0.010219792,2677.921222,936138.6089,2588.93076,163416.8792,5653.081759,2835738.162,0.121333235,0.006506763,2.14E-05,0.03359326,103.359375,5.9318666,751.3455,-0.003612766,9.7338085,0.001971586,3.9018793
b,0.30021894,0.09125181,0.25539267,0.01041705,2553.965242,947440.7745,2601.822267,172067.9845,5511.065552,3042840.426,0.111335603,0.006608631,-4.48E-06,0.043957118,143.5546875,1.853602,978.1516,-0.001381893,12.992188,0.001537653,4.8665137
b,0.3159024,0.08941855,0.19208796,0.004759313,2703.429943,651171.6344,2572.827361,248251.9739,5626.351615,3073514.734,0.138877745,0.004608925,-1.29E-05,0.025419673,143.5546875,2.231511,1117.75,0.004974081,13.11337,-0.001078175,4.8417983
b,0.34620228,0.083677724,0.36043438,0.005223319,3061.097635,438321.2969,2784.608071,83851.46939,6529.074238,1006956.039,0.155976187,0.003504953,1.30E-05,0.070982985,89.10290948,8.803135,581.5403,0.001834818,5.134173,0.00069639,2.7092795
b,0.32732096,0.1040576,0.25384527,0.009496813,2041.2109,519606.936,2233.022326,241624.6963,4363.634926,2766718.501,0.091572814,0.002575081,6.29E-06,0.04318414,135.9991776,5.082855,1485.0626,0.009643682,15.422258,0.005604347,7.6753964
b,0.39011887,0.08539302,0.3284076,0.007800558,1581.949622,334483.1164,1859.65035,213107.1932,3285.220291,1796612.291,0.069038691,0.000970853,5.00E-05,0.051652398,95.703125,6.1251287,1487.0583,0.003236234,11.596579,-0.00213913,6.0805173
b,0.27122942,0.08788803,0.3384686,0.01582794,1627.463769,302623.0376,1889.457945,234398.9351,3416.687077,2036955.428,0.076848188,0.000867318,1.11E-05,0.07575894,117.4538352,5.898241,1417.2063,0.005935908,10.437839,-0.000660439,4.76492
b,0.345765,0.08360987,0.360476,0.005205127,3060.413862,438382.2401,2784.821168,83764.16715,6529.566727,1007342.555,0.155799308,0.003509977,1.19E-05,0.0710413,89.10290948,8.8040495,581.9355,0.001447695,5.1330147,0.000547233,2.7149658
b,0.39478132,0.09319454,0.29048908,0.015182115,2053.047427,1004634.821,2395.416244,319657.5948,4454.541034,5256298.033,0.068023869,0.00238422,8.67E-07,0.048868045,143.5546875,5.3891726,1399.1993,-0.006623106,15.14433,0.007757922,6.16971
b,0.29606113,0.08658546,0.22046211,0.006095526,1852.271312,278013.0791,2057.123226,202703.4245,3738.116513,2020679.048,0.094148943,0.001123311,-1.10E-05,0.0328124,92.28515625,1.0165222,1327.3262,0.007068303,6.1041408,-0.000460536,3.2852125
